variable,cal_mean,fit_mean,fit_sd,cal_min,cal_max,fit_min,fit_max,smd,selection
n_mean,1007.8851219385439,1046.5413477836837,79.304945056742,886.8464166206031,1113.1919399447293,859.4033377998632,1189.7579267086765,-0.48743777348917694,random
n_std,282.6623094711256,299.0922210439459,39.34661195347662,206.6935317545058,364.4309195176839,199.32144807630425,388.01934777304007,-0.4175686484073152,random
deltal_mean,0.07638680522145457,0.06129457315507215,0.033017055591540105,0.03557254599849918,0.1092996507049451,-0.023642766282885724,0.12291222727797173,0.45710411773512205,random
deltal_std,0.20821884149156122,0.17823359887598075,0.03560839672600972,0.18489232346961057,0.23093872194745046,0.103795324650221,0.24813750851622124,0.8420834795316161,random
deltar_mean,-0.10716263105851329,-0.09599382887088774,0.03153904672325785,-0.14204237186121524,-0.05460782940983901,-0.16744068387499939,-0.027524666761660613,-0.3541261816067932,random
deltar_std,0.18738562630535804,0.16616553522301955,0.03522813801070629,0.15369948178938692,0.22431842601856183,0.109269770675306,0.23604097336031246,0.6023619833636803,random
Vw_mean,1.7330044109050908,2.0107018002272454,1.0271134288967698,0.7414457538003838,3.3752353323564703,0.5258578092173581,4.5116078600472775,-0.27036681783085187,random
Vw_std,0.22727032085747034,0.22843050157427233,0.007048980848881391,0.21735685408170638,0.2412826539445356,0.21247365358513834,0.24610377934662667,-0.1645884336579095,random
alpha_x_mean,-0.31980209198070353,-0.34347919803445043,0.11676712667283942,-0.5039517010351943,-0.14902669343619,-0.6111681465761646,-0.09153620508478491,0.20277201921809646,random
alpha_x_std,0.5442119003522882,0.5510975951008511,0.08280108725521909,0.4732700233062295,0.6150572636392415,0.32334378651483187,0.7318169717063421,-0.08315947262068005,random
alpha_y_mean,0.09934415232245136,0.000645391573620091,0.27447205875719016,-0.548526928061346,0.6118667093300293,-0.5512859158241482,0.5052341122365946,0.359594929974801,random
alpha_y_std,0.6931302651336422,0.692620488291519,0.07132737211011948,0.47580212643656056,0.7813554128397326,0.5432071834745763,0.8135417771990926,0.007147001593387489,random
u_mean,5.449189078963174,5.669716722578226,0.4240811776014629,4.861323757831772,6.040070176943819,4.67729158744862,6.478464660806574,-0.5200128071288653,random
u_std,1.517991347708884,1.6162909593961903,0.21600851632385912,1.091024949632888,1.9424962025975827,1.0407612868524625,2.0809053048027577,-0.45507285249775425,random
v_mean,0.028856709315578696,-0.037601134288828574,0.14479230243029126,-0.22804511853915424,0.24854990607033894,-0.3066495907224864,0.3074746836442528,0.4589874080937604,random
v_std,0.40820058484678007,0.3969512858975504,0.06468021432510407,0.3173315719924095,0.46799581611617647,0.23985800406249708,0.5218279622037538,0.17392179457982274,random
p_mean,3.0967281694098075e-07,-1.2623513635398137e-06,1.4490407270528703e-05,-1.999637017024251e-05,2.6276847191145294e-05,-3.288324801258107e-05,4.723304713436587e-05,0.10848723235530129,random
p_std,0.005349872069364273,0.005944631176520193,0.0032141969426503826,0.002300961143100847,0.011900260926488314,0.0015686480585434947,0.013780630622990822,-0.18504127711150445,random
r_mean,4.290349684394449e-05,0.0013967537893219944,0.0022929345161539607,-0.0014540397247293205,0.0014764692504656218,-0.004736174273227212,0.00873413721855001,-0.5904443772554492,random
r_std,0.012553633547131113,0.011404566732519513,0.002192552158898373,0.00787865730548382,0.015676084286602516,0.007078850563857321,0.015004373478543437,0.5240772995744544,random
phi_mean,0.004132216397086627,-0.0011566449345463017,0.013338739706644426,-0.026091875032414336,0.027089210152733446,-0.036478340684084475,0.029000558247126357,0.3965038262946527,random
phi_std,0.03134632806949406,0.03474962469740025,0.0076000327632803,0.02077404575732264,0.0450441608080295,0.02059462282790733,0.053376313860129025,-0.4478002574343201,random
n_mean,1042.6925279830075,1040.0149591503468,80.55934767630927,886.8464166206031,1173.9024016593346,859.4033377998632,1189.7579267086765,0.033237220879931084,stratified_n
n_std,281.3776987073915,299.3330855621461,41.337552033422,206.6935317545058,336.08566339774904,199.32144807630425,388.01934777304007,-0.4343601875659544,stratified_n
deltal_mean,0.062060441536001286,0.06398076634609463,0.03338898860693139,0.018276964581237308,0.10925813043545772,-0.023642766282885724,0.12291222727797173,-0.057513716054720436,stratified_n
deltal_std,0.17219918760618025,0.18498728397948963,0.03597975912630071,0.12729369967462667,0.21012944103068923,0.103795324650221,0.24813750851622124,-0.3554247355692123,stratified_n
deltar_mean,-0.0845248856654573,-0.10023840613208573,0.030250502593505132,-0.14774046696849916,-0.04408008786846008,-0.16744068387499939,-0.027524666761660613,0.5194465916081069,stratified_n
deltar_std,0.1667941628851336,0.17002643461431166,0.03430189132113343,0.12175316743946864,0.22571061774179776,0.109269770675306,0.23604097336031246,-0.09423013147927076,stratified_n
Vw_mean,2.6207076729628738,1.8442574385914112,0.9323190164215363,0.8187116160607931,4.5116078600472775,0.5258578092173581,3.762044743913058,0.8328160433235231,stratified_n
Vw_std,0.2310472189358817,0.22772233318457014,0.0075069909251488124,0.22251852112457401,0.23962554435957728,0.21247365358513834,0.24610377934662667,0.44290525784079837,stratified_n
alpha_x_mean,-0.3469441331507536,-0.338390065315066,0.10951001491353364,-0.5714454557991904,-0.14902669343619,-0.6111681465761646,-0.09153620508478491,-0.0781121967926103,stratified_n
alpha_x_std,0.5072718208312024,0.5580238600110548,0.07466647943348018,0.32334378651483187,0.6150572636392415,0.341375958491513,0.7318169717063421,-0.6797165148929648,stratified_n
alpha_y_mean,-0.10993163780490134,0.03988460222249873,0.2608299569238598,-0.548526928061346,0.4665320135171457,-0.5512859158241482,0.6118667093300293,-0.5743827963408885,stratified_n
alpha_y_std,0.6775386787722709,0.6955439107342759,0.07242936060738955,0.540801602789093,0.8135417771990926,0.47580212643656056,0.8044405192610378,-0.24859023759168758,stratified_n
u_mean,5.646902120449007,5.6326455272996325,0.4316939059713328,4.8675729937510726,6.28772873544514,4.67729158744862,6.478464660806574,0.03302477276647329,stratified_n
u_std,1.5253565972506449,1.6149099751071099,0.22762267229476094,1.091024949632888,1.786196428708258,1.0407612868524625,2.0809053048027577,-0.3934290769616195,stratified_n
v_mean,-0.07148747713133619,-0.018786599330032027,0.13735752216814137,-0.2720674469196297,0.30346075879590934,-0.3066495907224864,0.3074746836442528,-0.3836766779819472,stratified_n
v_std,0.4065077676737054,0.39726868911750196,0.061640313506369566,0.3173315719924095,0.5218279622037538,0.23985800406249708,0.5168556107287466,0.14988694947582823,stratified_n
p_mean,3.3529571100426117e-06,-1.8329671684963693e-06,1.5011302905545941e-05,-1.5317087718194452e-05,2.6276847191145294e-05,-3.288324801258107e-05,4.723304713436587e-05,0.34546796578350547,stratified_n
p_std,0.007837170444052655,0.005478262731266122,0.002989881757973823,0.002460890244933964,0.013780630622990822,0.0015686480585434947,0.011900260926488314,0.7889635456303506,stratified_n
r_mean,0.0012174887400027488,0.0011765190562297181,0.002294977890248353,-0.0014540397247293205,0.0040949905812499516,-0.004736174273227212,0.00873413721855001,0.017851886045227697,stratified_n
r_std,0.010916819848010857,0.01171146930110456,0.0022019707301910926,0.00787865730548382,0.013396597422826645,0.007078850563857321,0.015676084286602516,-0.3608810245287598,stratified_n
phi_mean,-0.00687165435365924,0.000906580831218548,0.01205351172275508,-0.036478340684084475,0.029000558247126357,-0.020556740436965364,0.027089210152733446,-0.6453086340135828,stratified_n
phi_std,0.03645175263495767,0.033792357591375825,0.007067575313274674,0.02444765684483305,0.052632779103181336,0.02059462282790733,0.053376313860129025,0.37628110429708933,stratified_n
