file,sha256,n_rows,columns_ok,n_missing,time_start,time_end,dt_median,dt_min,dt_max,n_nonmonotone,n_irregular_dt,n_duplicate_rows,valid_windows,u_min,u_max,u_mean,u_std,v_min,v_max,v_mean,v_std,p_min,p_max,p_mean,p_std,r_min,r_max,r_mean,r_std,phi_min,phi_max,phi_mean,phi_std,n_min,n_max,n_mean,n_std,Vw_min,Vw_max,Vw_mean,Vw_std,content_hash,split
20190805-095929.csv,252c054dba85905f90042612aa6c55819116ba6a3d3fb14bd297270d07ac06ed,3601,True,0,0.0,3600.0,1.0,1.0,1.0,0,0,0,3542,1.75950097621673,9.05049918315132,5.551726717888622,1.747724464590229,-1.56845802746279,1.33352820231813,-0.1847090818817497,0.41182672134315107,-0.0345767618048382,0.0271765698696821,1.7978398687370437e-05,0.006691839515585483,-0.0532900890645245,0.0529366819738013,0.0025169265584662924,0.01297542548429736,-0.125291685203639,0.1015511466945069,-0.013696908590997831,0.03918825345756893,366.361745840294,1601.88274597884,1022.2983727870603,328.63087716803216,1.5694161635410602,3.17436062960652,2.307713458458884,0.2322696108758214,da6960f27ac705fb4e57c6c64bd4ca8672e549479a08f1917d1315052cbfb665,train
20190805-100028.csv,a8bb89368aa793a19a40bd9148d2608143dea346f6bb75b704ec4ebcaf04c124,3601,True,0,0.0,3600.0,1.0,1.0,1.0,0,0,0,3542,1.16827039437681,9.18978698238239,5.788020826199242,1.7748818706360134,-1.13821701422362,1.1022822597712,-0.164448111430182,0.33503404654617175,-0.0230089093436324,0.0284299486080638,2.792052717366506e-06,0.0031017886679382788,-0.0381374535645088,0.0360820810513849,0.001975499220214907,0.010004007637436852,-0.0841361709433199,0.0503352095530385,-0.01642757203687037,0.029425907531859523,292.52307678921903,1603.9666785221302,1070.6805020975487,313.94378020719176,0.601757494658921,2.23479487783539,1.3763544121406182,0.23385977190463156,62cd15b7de270657d63427baf5e08f6e8171d3f325c928473de6f99bf7d16a96,train
20190805-100228.csv,fa72f103ba328e3350e70d2a80f5faffd211d15b48952144fd4a12391e52c785,3601,True,0,0.0,3600.0,1.0,1.0,1.0,0,0,0,3542,2.19812631273007,9.02034826015661,5.350862227283758,1.7249669209978433,-1.41307327719263,1.73663940033766,0.07591933336818715,0.43125992018929965,-0.0197744736262032,0.016905709576357,1.1122286321616904e-05,0.002300961143100847,-0.0496614304054609,0.0556372585119393,-0.0009018561056664263,0.013783989471048407,-0.0966216452233981,0.109845892678711,0.005266322403229886,0.03179305642010248,426.659433459113,1606.50061356554,987.1339304201839,337.07136026507953,0.0052500652622265,1.48889826303297,0.7546718493509842,0.22690646696675723,7ee2ec0b1feb457948bc88085ef151312fd9339d930d013d62a93bce68270c7e,train
20190805-100322.csv,e75fd42c9c3b5171f9db39af5f1d31cd5af3ea0de3a820f1e80354450b82054a,3601,True,0,0.0,3600.0,1.0,1.0,1.0,0,0,0,3542,2.90892913134441,9.0486520821002,6.133585355603404,1.5015871898412751,-1.2944709728193202,0.966351549584336,-0.026768920778030506,0.5218279622037538,-0.05435238105735,0.0515227512764672,4.634916124682847e-06,0.010322395410430077,-0.0288945728834328,0.0445389132942982,0.0017445104266719524,0.010761624910710131,-0.1377764559498509,0.112079398064969,-0.0026010003977243834,0.05180058600879792,602.431535429693,1600.14535903926,1139.799966933886,271.64643101112273,2.56791926273027,4.0869240774527205,3.372915131306845,0.23028125017786788,d7052426ff60057c2d195c4d17800c7c3e285d0138b930952b46dc4ded7e7ce0,train
20190805-100351.csv,0b0dd9fa9869bf12e01eefb697bd68f34e9126b579a82e778807438d4ab3ce48,3601,True,0,0.0,3600.0,1.0,1.0,1.0,0,0,0,3542,1.79300314732574,8.98588010603415,5.69752423941085,1.7237750490037236,-0.89824183053827,0.7802166760750909,-0.014157729489321176,0.34466023171241517,-0.0205160244298759,0.0151446814001117,-2.2986168153354903e-06,0.0032110730498569494,-0.0373726502799958,0.0239905294127017,0.0019425067273392855,0.008646059672133133,-0.08322047202482,0.0794864555357639,0.0010289603572856184,0.03211442844714481,390.7064847095861,1578.6070128622,1043.6945302953638,314.4086771358082,0.248655330315644,1.81814688018749,1.064372278604641,0.23274035475412147,131799e009a17c1ce0bbf409bb26da74fc512736fc4216bca2f3b02e15396dee,train
20190805-100454.csv,379b6e24dd8d764823e403302821cd7978a24c290324d29d2bebd0f40367ed20,3601,True,0,0.0,3600.0,1.0,1.0,1.0,0,0,0,3542,2.22711263625142,8.76245429233362,5.341384997229819,1.452574938618256,-0.9124716602196392,1.16263193589875,0.20292296111813785,0.273508051227764,-0.0196577926336502,0.0166122676168578,1.3888805190586633e-05,0.0034518276906742216,-0.0369081456359345,0.0270387950467106,-0.0006886457165683664,0.007202280372912568,-0.0954286731359062,0.0546363329913446,0.014391786512380232,0.02819204672438834,450.82543738745994,1525.54853561141,977.559418116318,257.4492034681178,0.56644506764091,2.29325908840352,1.492551302723512,0.23079649925545945,0bc1c5cfa331a8d3e11a5729d669e3f373bffa973219f1d3a032b187acfc9263,train
20190805-100635.csv,2eca907129c9010f21c8d14fe7634fd7b53eef14ea5b7975014467bb04c40257,3601,True,0,0.0,3600.0,1.0,1.0,1.0,0,0,0,3542,2.2480114152512796,9.06904513898903,5.769828825983742,1.896196126529036,-1.4280028160146498,1.17907290708184,-0.04132849572523847,0.5089451722070893,-0.0609377808248584,0.0749398597182498,1.3205616322262792e-05,0.011615604180489854,-0.0558769933395126,0.0402968413397384,0.0006279158022201043,0.014079181809779746,-0.140316529564385,0.103688731458468,-0.004710891094380348,0.04539771042761381,475.783986167314,1612.0253497671802,1078.6947693518139,353.04508445608735,2.9454727657366,4.63503503626891,3.762044743913058,0.22737558830956353,a0df61d2843603b1d87db0222df496f4a1d121d63909df66dabe77016b353268,train
20190805-100721.csv,408367815bf10d33d8de540d47b0010ea52b339e26c77c37b3512e80f2a04652,3601,True,0,0.0,3600.0,1.0,1.0,1.0,0,0,0,3542,2.85925529466618,8.5688015468583,5.282095764592055,1.4284229426604138,-0.950928928469753,0.8931964522449821,0.028120000308369777,0.4269390474828886,-0.0345778948634723,0.0371468598684742,-2.3287997911544145e-05,0.006440101774914778,-0.0383939869443961,0.0456327737868404,-4.3527688583313075e-05,0.012671838263878351,-0.0834008582542283,0.104974428701358,0.004425053540241895,0.032530433624186575,571.3818646229,1529.28272291465,981.9799694230135,260.2162060702398,1.12006929802881,2.69615566355866,1.8785208743843795,0.21572812162671698,d4a122641f46d2f713c970150aa2ca5f75b80ffa6b0931e63fc617aa67bf72bc,train
20190805-100852.csv,61a252bb1cddab6b97bab9aee84c22637a4d67b1fddf4da5a2f3cf1521f21ae5,3601,True,0,0.0,3600.0,1.0,1.0,1.0,0,0,0,3542,2.45116589388393,7.83849990123976,4.861323757831772,1.1834127870187703,-1.43430107040388,1.09541030858868,-0.03369132421830774,0.3917184047050474,-0.0233642065466264,0.0274833949126125,5.345089456044137e-07,0.0034006803330536013,-0.0321157885343482,0.0378461568731541,0.0003206575372010847,0.013127944788608886,-0.0510204351527029,0.0475713626549124,-0.0018384573413455486,0.02077404575732264,425.43343396789703,1387.87732681095,900.1811276851362,224.49401333187956,0.210162723953508,1.8149718127951395,1.075041948925066,0.2412826539445356,cb84c63b92b878575f3a168a33fea08a371b22ba93a7f0bb896b845c904f70df,train
20190805-101000.csv,11ef99f78730f9e5c16873a4862fc0025b674e9e9073221bea33adf940391449,3601,True,0,0.0,3600.0,1.0,1.0,1.0,0,0,0,3542,1.62399381461256,9.07937605706706,5.714085760051205,1.7061251300015214,-1.00043933441514,1.09404835241282,-0.14927610121868065,0.3613255774374855,-0.0496742676800701,0.0523769799860976,-2.535647159999444e-06,0.006270269271650414,-0.0280943725057353,0.0357264088828169,0.003426333222366736,0.009255111075737945,-0.102774333847774,0.101047912683109,-0.006763203194303069,0.03652985450733286,342.756383109847,1606.46619469346,1055.484511353158,309.3290174800117,1.48576399763981,3.08697872278844,2.2439196956604803,0.22717357199863283,a394dd40c889bf6be478ddefc36df6fdf4a7823e06f131b07b77e0c360bf57ed,train
20190805-101112.csv,78c107fc2bccf1c6d3e94347530d0d146fbca980671b93b829fcbe5c2d057087,3601,True,0,0.0,3600.0,1.0,1.0,1.0,0,0,0,3542,2.17272907311349,9.00629086836204,6.1860553621553835,1.7954657835101306,-1.26443642132154,1.06351450954705,-0.008175107293654891,0.4344992952257919,-0.0517960252486032,0.0461776397254631,-2.581812734552129e-06,0.007343849913700725,-0.0423907674108121,0.0373557076768602,0.002954398281051564,0.012329542874226093,-0.0871021623405959,0.129215398900298,0.006954194596066749,0.03777195532947524,425.247449801733,1601.0690831874697,1146.9095035749797,331.31034054172795,1.84931053285461,3.4281166620362096,2.6888637958033894,0.2146224163241198,f82c76f9a25711ba32da869430ac3d79df6d2e3f28ec39c949e74d5ad9b81eac,train
20190805-101342.csv,4cf35556e330ac6c1c5425afb198eb043de94da696f8d9f418c80108120c04b5,3601,True,0,0.0,3600.0,1.0,1.0,1.0,0,0,0,3542,0.991890940920001,8.134475958134189,5.28026501594606,1.2783608123297527,-1.2382983043211102,1.29660346685352,-0.22804511853915424,0.396803734635015,-0.0558760828202695,0.0536128708532086,2.6276847191145294e-05,0.009451485539025927,-0.037329869266742,0.0343241275271066,-0.0014540397247293205,0.012527085195882316,-0.0949048696700143,0.0772936957066848,-0.026091875032414336,0.027769333838767684,229.218563327561,1429.73457434982,980.4091643574038,231.70950299985725,2.2433514637452596,3.66838585353714,2.996778515710463,0.22658098541996677,1bc60e69c89855b5fead5ffe976226e7fd3ad0b67f277e7ea2bcf0bc8e37c4bd,train
20190805-101508.csv,4016a103f66cf6d082ee7e41a1fe5a3f7e80312bcdfad4f7cac2caf119b088a4,3601,True,0,0.0,3600.0,1.0,1.0,1.0,0,0,0,3542,2.38894144625062,9.02379697518576,5.508208437427,1.6673626745968193,-0.9406176642614648,1.5815834584878,-0.11512770701274617,0.4115839635412582,-0.0157129018806582,0.017444682157242,3.997884900200749e-06,0.003022892310754631,-0.0462927862682758,0.0384332400794193,-0.0010279539616602097,0.01323930370033125,-0.0936340709105549,0.0807601249982457,-0.015328358775362195,0.02667541387019448,416.683781736261,1608.03887769822,1016.5088739200903,319.7000695013048,0.2463384490417089,1.80815768899719,0.9976700786535051,0.23029032353204243,a6c3b21f2e862948441fded7c73afad72376c0caa93f4a9d78c474547fa03122,train
20190805-101530.csv,2e16e75af14f94b695b0ef02a2461f5597aff2284dbc837bf4976715b76f0816,3601,True,0,0.0,3600.0,1.0,1.0,1.0,0,0,0,3542,1.1488405134511002,9.25492330026324,5.36718795751871,1.85517959168959,-1.4869477571031398,0.992909020330631,-0.06092809481033934,0.3967634419638317,-0.0453821701529646,0.0418287857521258,1.0089450704558184e-05,0.007364303935417054,-0.0335848137665173,0.0421467022078343,0.00010913668418698342,0.011179532463019152,-0.100370864155193,0.0969053471278238,-0.006336552520036244,0.03389144612768006,256.803692035435,1606.99586915121,993.9076244380977,343.4112052974821,1.3443663314429295,2.8298803228259395,2.0847835586807903,0.2334620451670092,c25f912985bbf34159b511191b21dc8735cea188d6e7d1b9f83f402c80f29165,train
20190805-101755.csv,6d59154793e7b4d351f95bf31015179ba871774b029f05b86eb1ac34b9ae6d80,3601,True,0,0.0,3600.0,1.0,1.0,1.0,0,0,0,3542,1.83557816793468,8.03519660619851,5.382125284590924,1.1561305846116348,-1.33720343758507,0.995750702151024,0.0739019768614748,0.47816729852723855,-0.0368087548279061,0.0479109576474915,-6.9504892632630625e-06,0.006826362543911861,-0.0419035384114671,0.0499915612688338,0.0025240629610666404,0.013949604753741086,-0.0869899661064797,0.0779206975956575,0.011319370422361568,0.0351861952118939,373.852796835958,1430.8361397193698,1004.5764261378865,213.33847930598597,1.53334952916841,3.3635868611916298,2.684454547036683,0.23779218181959985,1bba7b82770befe170b6a90911f519e80098fb3073dcad326237bf9b68e0c0e4,train
20190805-101925.csv,81a2ebbe12d02b0c8040891e64fee25e2f4987a1a5f27ae24a7bb9eae64b7582,3601,True,0,0.0,3600.0,1.0,1.0,1.0,0,0,0,3542,2.28513339764014,9.09966024151617,5.789991392841,1.786196428708258,-1.2214557430656,1.01752198792561,-0.06417184428367238,0.4766942286141019,-0.079530307226512,0.0872644248540475,6.125156719664032e-06,0.013780630622990822,-0.0234152861664187,0.0456801604249197,0.0040949905812499516,0.008664979749964743,-0.134841211939424,0.140742860100297,-0.000325300164477351,0.052632779103181336,427.179503201373,1606.28561522832,1057.062941626188,336.08566339774904,3.65669320666687,5.17775042104182,4.5116078600472775,0.22803998180922563,32458650f89019d3ba18a7c3c2a498dfb62e32b3276f923183c30f9319dfa75e,train
20190805-101937.csv,ac8cac862f7f3cad2379481e7f38f669562e0c3c89ff6440abaf8c1db3340c49,3601,True,0,0.0,3600.0,1.0,1.0,1.0,0,0,0,3542,2.98108923344075,9.08763185675219,5.814294984400554,1.5818616728209076,-1.5522610964344998,0.8893687924418199,0.050349695562178,0.3439172057989465,-0.0157226347140482,0.0161950050156702,3.1677824722718492e-06,0.002551773827510475,-0.0119756172290675,0.0502860785332321,0.001679610965527915,0.008229486748092091,-0.0953009502243973,0.1037675353799909,0.013405768526734916,0.030748182411401617,424.883060629928,1606.79562312308,1062.7384359328128,299.3310349490515,-0.0096338420687989,1.59217220745532,0.8704312433909004,0.23259004782034073,8bc7d1f8e53df309a28c044c27ae3eb50520d223a943ea3de3ab00e56993bcd7,train
20190805-102210.csv,f694abc58a68c931e0256d3690a6d48167d12fc9d162633d08a1cbfdadd0dd80,3601,True,0,0.0,3600.0,1.0,1.0,1.0,0,0,0,3542,2.8869136203041696,8.8950226491026,5.321781435761498,1.5211890368402872,-1.84476241123047,1.3895951596063605,0.30346075879590934,0.4020508106872927,-0.0979782207717564,0.0973165461794106,6.033558535599792e-06,0.010645742516768064,-0.0411360008289716,0.0571592619228528,-2.810751286305878e-05,0.013396597422826645,-0.087675900325098,0.159991156115138,0.029000558247126357,0.03179796342535744,664.1247176460649,1573.03168680608,998.2526615625231,282.3930307262173,2.54299789971386,3.99310240666174,3.23477235771187,0.22251852112457401,9574c3fc96427a41eae0d39865583412e9de92ca1e9d94ce2a8e4ee87c5606f2,train
20190805-102224.csv,58c48f315570ff0d07b90865d66565389be027b89a9b57db630f553bc57b77c5,3601,True,0,0.0,3600.0,1.0,1.0,1.0,0,0,0,3542,1.05401427940903,8.542657444170821,5.279927019519755,1.5650560752400458,-1.06489012520603,0.773247359550838,-0.09660705877645732,0.3797761307152688,-0.0205324011722609,0.0181879978404441,-8.092780700962272e-07,0.003600802258188732,-0.0370935002733578,0.039489038210054,0.003090436195417604,0.012242854533870806,-0.0878356797614992,0.0494482715066606,-0.007714223691132786,0.028692450298553926,245.400831582332,1524.27956567269,974.321708029979,290.5176038884912,0.53129794175607,2.0314324584802903,1.3120751806572528,0.22941468844246798,d3188ccc27adbb529972085e6dc575db6faff7f9e674571388b3cc5a314e6229,train
20190805-102353.csv,17d2ad742f8e63d35bf590e864f53e8110de5184a0227c06a0555a1d5a6ea6ca,3601,True,0,0.0,3600.0,1.0,1.0,1.0,0,0,0,3542,2.0866818237742297,8.65375815241316,5.517430431072423,1.5991936652184346,-0.98685060106531,0.8988397397061999,-0.229005923850278,0.36429420939965934,-0.0559107781777696,0.0562610820486182,-2.0293663773190315e-06,0.007749186537683429,-0.0275218229529209,0.0333657004352511,0.002007554215935264,0.009766576722710491,-0.135774466447673,0.099866255943355,-0.016429995025371028,0.03464340924428639,427.14575157337896,1526.58225853763,1015.6733347530071,292.21385507256105,2.07426101455283,3.74479907442746,2.8811236446399975,0.22330932328404102,2780543ae3d5531a14750255f2cad5ecbd36563bdd35a6b1cfdacd5628591d19,train
20190805-102510.csv,ba7905560bb721b4c87872ba5537168de8dbbcca53c37c464a414f7ae3ab0f17,3601,True,0,0.0,3600.0,1.0,1.0,1.0,0,0,0,3542,2.4195781810767403,8.928208211606039,6.306800993776124,1.6496694931881533,-1.2943623543542,0.9209562482496508,-0.1688376451463981,0.4151183542451534,-0.0826180179579454,0.0704103796451631,-1.0988348317432764e-05,0.008756923492814818,-0.0228680008116708,0.0544670769892538,0.004970884390183925,0.011281746929386448,-0.112648592807649,0.112256654501738,-0.008159614908328202,0.04489400332293403,427.501332582051,1602.36283319676,1165.9331361118523,308.84843710706195,1.88976782031758,3.6266500820612095,2.7619827632868605,0.22855777004807462,a67ada7ee195b3641c295afd162e0515a847fcf6c7bf21cca3f53eb4f4acd93a,train
20190805-102638.csv,f48f2181a20bdd17f9a67ddec9dd3865ece3b7ec6ff2ffbe8542ec46e22556ab,3601,True,0,0.0,3600.0,1.0,1.0,1.0,0,0,0,3542,2.44592710082105,8.60939309931528,5.361849774845469,1.396235732122755,-0.995755398711538,0.693066405100605,-0.2324632880237138,0.31162339113801457,-0.0380487378565329,0.049644060074187,-1.2041259256364973e-05,0.006709860050278527,-0.0250987725354907,0.0391914710175081,0.0016315139271381213,0.00896300744338875,-0.0951650189772018,0.0691098271405028,-0.0172177123377275,0.02922443249533501,425.073001958591,1526.35629417474,982.5976256156277,263.5051515145421,1.53317382133638,3.07465461464867,2.3731818010387338,0.22281476099746683,61bac152563596581b3d8d538ff6d8f60b7076f7885469ea1afdfddd01cf893f,train
20190805-102826.csv,a1f9dbc5e1c0a34208e2741548de335557a3f621f762ac5e83087b1faa48c44a,3601,True,0,0.0,3600.0,1.0,1.0,1.0,0,0,0,3542,2.45943675084118,9.1145579964576,5.6616558579277205,1.9424962025975827,-1.63246085524604,1.0174434783865,0.24854990607033894,0.3773586122119084,-0.0276717581947463,0.0367523134331789,-1.999637017024251e-05,0.005318025201913994,-0.0367720784527972,0.0566601084267117,-0.0006291780610533327,0.012785768400199403,-0.126500427480179,0.10180709452046,0.027089210152733446,0.03101161099165592,428.791540170679,1608.21617228644,1048.7768885154517,364.4309195176839,1.27089939120279,2.79944886133092,2.030135020709854,0.23072624818467186,070ea49980029fa3c6bce9b42f4c95ec247a1f8e4fc6216a557779f0dea360fe,train
20190805-102939.csv,973b22c4d4f579ab1b9faaf5c40ebd9de19bfe8b418c094d529dd0d3a37c7947,3601,True,0,0.0,3600.0,1.0,1.0,1.0,0,0,0,3542,1.8748933766281104,8.91979616589093,6.28772873544514,1.4543220017972651,-1.07079496503586,1.2864031208868,-0.2720674469196297,0.4447545013416418,-0.0549307759711653,0.0617858856532225,-6.712291309677976e-06,0.009497528434818572,-0.0440284640625099,0.04973527692919,-0.00022734145884247955,0.01334491650135467,-0.140187955085602,0.0834210225174798,-0.036478340684084475,0.03782419259677768,374.974794910112,1603.0654665129998,1173.9024016593346,260.06513807405264,2.8601147581266004,4.40366498125106,3.660083947224266,0.23643919403219377,d9236953c3cd3c6946f0fb83ac3036f49dbca133c62297d52a0483c7795f1b82,train
20190805-103108.csv,4418b5eed3c563cafa03941153888e725cfdf7f99fe64d14ddbf219add81cc77,3601,True,0,0.0,3600.0,1.0,1.0,1.0,0,0,0,3542,1.1553784665018605,7.11426392977586,4.911970365396695,1.131300041180651,-1.23090065341324,0.7823067570302621,0.027530632259647952,0.3537393203604393,-0.0465330659755835,0.0369253910516973,-1.2292433213904911e-05,0.007035205342306064,-0.0356189558962187,0.0374881946150496,0.0004198175632726785,0.011354441090625745,-0.0746695032544036,0.0651187570926779,0.003983810386836047,0.026242074395635542,274.667614326012,1248.88930668604,903.3996570021867,205.52497437774747,1.34554004347407,2.84817798645704,2.0300221465069446,0.22690357958678134,bf6ec91e79f92670324b5f29f951fe1b4a5ba4db62eafca3b550a746fa058072,train
20190805-103120.csv,d10f4e734a70282375660e08ccfe3bed68384ea6c49195eb1111b0259612f370,3601,True,0,0.0,3600.0,1.0,1.0,1.0,0,0,0,3542,2.40901266966797,8.88787486837566,5.46688057503007,1.578182422955521,-0.984718583179794,1.04353323786561,-0.019615688050759587,0.4427290612277729,-0.0553548054981257,0.0442292145181419,-1.0171764196895085e-05,0.008803261335169538,-0.0282358565333267,0.035552066850803,0.0011517171738151591,0.007078850563857321,-0.115219916186948,0.0944639088128811,-0.00034909776684908383,0.04096491486389809,478.2432632975981,1528.58436037316,1001.6835154243578,285.1168042144962,2.6047794590695097,4.42290465995796,3.4571274054425634,0.2290425017972185,29cfb59fc16bf5859ce2c5068819cc6e5ecc832c03b028355524550aeddc80f5,train
20190805-103242.csv,e2cb4d4441bf2d33a8b21c75afa91b3896d209fd5e12159ee2e26e1b700c2738,3601,True,0,0.0,3600.0,1.0,1.0,1.0,0,0,0,3542,2.3794293730859,9.00078892090583,5.796866298681847,1.5427836719525028,-1.3545185656236398,0.986036033174696,-0.1652470208661919,0.4538212308086493,-0.0251394437082595,0.0212160164445514,-1.199303194296237e-05,0.004735275069676213,-0.0361359931849964,0.0454101145153384,0.004128511118848579,0.014316947737019109,-0.0930270085461702,0.0827452913581057,-0.008071716522918462,0.03564545377429183,429.628667017995,1602.46343520641,1074.7015874304477,290.75062140077574,1.23614292900221,2.9355370326838397,2.090255897485417,0.24610377934662667,c27f917e58d851318e5a216864def190eb1a652692c76ea1b7a1b87b6d565b8a,train
20190805-103253.csv,7553a1c135df266efae858ca8c5e8d2700d0fc5e8da300c45dd5d952f0a0dbfe,3601,True,0,0.0,3600.0,1.0,1.0,1.0,0,0,0,3542,2.4602755288496096,9.162036833229289,5.634748559054015,1.9973051553963388,-1.21159799704593,1.08729309893758,0.1701932436584685,0.3534095264881101,-0.0223351337094085,0.0209917767028357,-3.088099594379323e-05,0.003944581846339302,-0.0272608821486528,0.0380458257992729,-0.0009941903851662394,0.011103358226464435,-0.0486852112077209,0.0940082397756679,0.02313386214729117,0.03069325580788255,425.417075989919,1610.40520738712,1037.4325860229105,366.64571888464184,0.82826515028286,2.41839944004634,1.536089944456494,0.2315617544370359,225f1d04ef3da238e8e2dbf5e61a2cade441be5031c16765a5c8acaf7cb952bf,train
20190805-103543.csv,f06318c5b06337afc1db43fa5b3d65880f6c2f4a8c38aebe0cd375197255dcbf,3601,True,0,0.0,3600.0,1.0,1.0,1.0,0,0,0,3542,2.54373283857194,9.12848486954684,6.478464660806574,1.527482205658855,-1.29470149225867,1.14812376026399,-0.022332404702458054,0.5168556107287466,-0.0752359664945918,0.0767936678935139,-3.288324801258107e-05,0.00954148443652807,-0.0573385514261167,0.0560550344499109,0.00037476261083757714,0.012386361147938837,-0.1140149038117569,0.11602261253595,-0.003440883243355764,0.053376313860129025,423.598684760452,1609.70784984865,1189.7579267086765,298.8914557126993,2.41540173938552,4.0105921121625,3.2333925923219353,0.22659434911055035,b9f57f7c3d1eec94cb53d8c3f3d8da919d0e29cce346c6d4765bcb6be6cd74e9,train
20190805-103552.csv,846fff7136581af8047cf1acbcc4e632ae6238aa34c00e5267f102f46a6e98dc,3601,True,0,0.0,3600.0,1.0,1.0,1.0,0,0,0,3542,2.36889294156187,8.16066636946644,5.2865500696510965,1.2632388037457685,-0.97900087948124,1.01444951402451,0.04443254226019925,0.42805024497000627,-0.0883865167738903,0.0848234843268832,-2.4222879856690828e-05,0.00950224488015379,-0.0306184263664641,0.0361592371892762,0.0007196771264647221,0.010225311317460194,-0.0862506232060385,0.103387824388784,0.004712608519309326,0.038215425704887264,428.801736446886,1431.6153496783402,972.438004796964,231.0756348699993,1.97933613867503,3.3811926879190897,2.6646638622133523,0.2165683860568054,e45ecfbaf1fd2fb1c81961ef575c5cb2eabe8985c7cb055ebb273d125368a968,train
20190805-103711.csv,42fbe87e88eddcfba625bee1aa4d0348f1cef5d5f5b0b2350a76c92b6542cecc,3601,True,0,0.0,3600.0,1.0,1.0,1.0,0,0,0,3542,2.43424904713357,8.88129387794111,5.0826535766697,1.616567418978013,-1.51651220414912,0.910374578309048,0.07303708259382218,0.3990203184437056,-0.0123171076722091,0.0130333884707322,-3.622535341694721e-08,0.0018620818474331601,-0.0236689183199365,0.0443224501246267,0.0026851098895573178,0.013478444621956126,-0.1111053703387069,0.0749613591692397,0.010300134064819567,0.024060732188269037,425.95953580316706,1578.16651239509,937.3372903143236,309.92821924174217,-0.1479575375514349,1.29293548930392,0.570963515109471,0.23131756772470405,10cb8e4e70b6d96382e92bc9b3b18b4528829c279a91a2cfbd91edaf73f6c186,train
20190805-103838.csv,aff65fd29442b8be976a8c8d85c1ffe27a0d5eb3fbffdc96cdae4ec1f35d2643,3601,True,0,0.0,3600.0,1.0,1.0,1.0,0,0,0,3542,1.63984785419027,8.95388065668472,5.712126579483845,1.709863720486634,-1.4289131371794,0.6838374844306501,-0.3066495907224864,0.32875745469948925,-0.0212295202901014,0.0163819993911746,-8.574190453077841e-06,0.0024122480916198195,-0.0157878490621387,0.0530976809790973,0.00873413721855001,0.01316844545969521,-0.1259416424032919,0.0877870713935316,-0.012216899644634275,0.02864612924862849,346.27224565853106,1601.51600824994,1062.5356530248312,315.7737453495471,-0.203534258034038,1.5686723859445,0.727688126952336,0.22863816655967648,1cf9ba0f5e985b24151ea3a759d06372d64b76d36094cac58530550b3412be5d,train
20190805-104006.csv,67d8644748df8af9cf8e8fe4bb84a4562e9b73cc92e23effb8454c0c96a11dc5,3601,True,0,0.0,3600.0,1.0,1.0,1.0,0,0,0,3542,2.3439190261506098,6.7940034808772,4.8675729937510726,1.091024949632888,-0.6741169015576259,0.7817574680986391,0.0007530416324236686,0.3173315719924095,-0.0330419249688501,0.0309096261870677,-1.5317087718194452e-05,0.004472948662064045,-0.0242547524026793,0.0324001241835645,0.001021562353412639,0.00787865730548382,-0.0539166208380362,0.0701175788587238,0.0024292944519408635,0.02444765684483305,422.681411252463,1182.82712655265,886.8464166206031,206.6935317545058,0.7433561853002009,2.5922477283337004,1.6194138915408256,0.23962554435957728,2a830e04c7345fd9bdf2c55ed3e8225f7c46a199a7b602311396fe8a82d63f11,train
20190805-104128.csv,ccec8a0027894e33606aa9407b659de0f3802fbb231e26212f88af7bfad41766,3601,True,0,0.0,3600.0,1.0,1.0,1.0,0,0,0,3542,2.9066715926945297,9.102205894378212,5.737888547500612,1.7733783387128013,-0.9370342630074152,0.892313156034214,-0.02556778511031672,0.35572085559689065,-0.0211785638987109,0.0180752206373217,-7.123309293646756e-06,0.004170549055708205,-0.0338634570297104,0.0349958590521972,-0.0011332246127524303,0.008629941604525413,-0.0831492640833873,0.1050769292544519,-0.0019587225311733718,0.03698141457972957,571.655919207681,1604.03633608995,1049.6685169242505,318.06542622286963,0.8196629591028599,2.2782552938511498,1.58677782239381,0.23515852525648662,2ca915329051352baa767121de672a4e81393e4bf96fa13cfbb5d384152fc558,train
20190805-104246.csv,b24057dd2898743f6edda9b1d54be818ba8faf04aa976d3af8e27220703bec90,3601,True,0,0.0,3600.0,1.0,1.0,1.0,0,0,0,3542,1.08092239135018,8.97532540081481,5.952339682516859,1.779027349455923,-1.2858822332198798,1.2749539614181002,0.019480042492414085,0.46799581611617647,-0.0162455486298555,0.0179737914416227,-1.1133755812861604e-05,0.002343687167536413,-0.0550294298146591,0.0499261815858143,0.0007696285120267103,0.015676084286602516,-0.066192836679912,0.0962629758429863,0.005186508368419693,0.034035105952481826,268.06616224535196,1603.50629743789,1108.0151480399136,324.3501935109863,-0.0865817485723931,1.5348487497798602,0.7414457538003838,0.21735685408170638,319d937e00b623250f628433cdecf4208f4578bfc10dcfda70bc287dba94044b,train
20190805-104247.csv,083df29def01183a220de48029c096e1fb687f835b04786f6394e7f9fbe37772,3601,True,0,0.0,3600.0,1.0,1.0,1.0,0,0,0,3542,2.34384675307971,9.09843186357298,6.040070176943819,1.6044118146202442,-1.08688708681931,1.10393319539116,0.033502839377810366,0.42773095631569374,-0.0185925438496957,0.0213974465254199,-1.1634803700131306e-05,0.0025278433158368854,-0.0494996658113117,0.0387147367402655,0.0005681014502659578,0.013561198735460528,-0.120229078234792,0.1059569281020009,0.006385792375128566,0.037037677299149675,421.539351303126,1600.04876124146,1113.1919399447293,291.576849830992,0.0493244731846389,1.57814798093249,0.8351633186759908,0.22442222663886885,f4f75f0805d8e3fda7b74830212d8b0ba7dc59cd332becb69dd632ac3f06b6fc,train
20190805-104542.csv,b56c2372b6b7d453670d691c6df367f8f859f894ea81b82e40dc70bacbef3b7c,3601,True,0,0.0,3600.0,1.0,1.0,1.0,0,0,0,3542,1.77296601580926,8.99462161514522,5.891943197393415,1.6240294425121242,-1.41515777681106,0.73527763984635,-0.15768095271880098,0.3426201465335676,-0.0231339730039526,0.0159841012695329,-6.544267424870984e-06,0.002460890244933964,-0.0277892350326583,0.0553801521491934,0.0013463907093194771,0.010056032389444905,-0.1070208902597119,0.0695842607710691,-0.015110277369587624,0.030490579992190105,358.00393577283995,1605.11902544798,1081.9662960047026,300.76643609917846,0.0156536512471706,1.5467578896416,0.8187116160607931,0.23092952786958726,d686f1c85bb5175bb64ba30ac0d62b58099fd79d7e307e7d85a3de9dc1c35ac1,train
20190805-104543.csv,ddd4a10e96bd3987537c0cde1e6a9a91abcd39895276c6b2bf8c51459e7ac4ff,3601,True,0,0.0,3600.0,1.0,1.0,1.0,0,0,0,3542,1.76337360854848,9.058150235954107,5.35500360491917,1.8631570608581727,-1.38918149421353,0.861162726612982,-0.07826473763977522,0.3949699295003431,-0.0181622975994669,0.0163226266388618,-5.154211905895672e-06,0.003947922904607397,-0.0173028835866597,0.0539709410819855,0.0024684729420298914,0.009571524296740658,-0.0935227234752691,0.0929382632776412,-0.004800669007259862,0.035392669666419144,363.696559866995,1603.03222346388,986.2017822700218,344.57054810013653,0.692880806165654,2.28915735923302,1.4354316204399524,0.2268680526781943,a5f1fd8fc0e5ebadb3fa516fabeec4f6e7e65059fa9df2bd7b84fa03d959f2e7,train
20190805-104708.csv,4be1cdf1687b0cdb2f1e86b5d9cc5d973c0a96d6d7a740bae0c3c840cf543dfc,3601,True,0,0.0,3600.0,1.0,1.0,1.0,0,0,0,3542,2.44184549640816,9.111158658460267,6.283169020180968,1.5572439129558489,-1.240066479796,1.13942644329544,-0.04583269784674126,0.4010867734415253,-0.0227120861167864,0.0237515083906589,9.929860838573497e-06,0.0032976243315220523,-0.0362507219226069,0.0550587829024069,-0.00010531917959326021,0.011752685901015542,-0.0846529770528353,0.103623228656104,-0.0036573917152113154,0.03806138792516658,426.926693573688,1605.93206076679,1148.438358584831,293.6042091664522,0.1368452211705969,1.83957736339569,0.9334357253439063,0.2224216809820658,ed55e6e8c9fcf7b5197551e033cec2cbc42760ee37146f12d876b054fe5cfbe0,train
20190805-104711.csv,f725ccd093acb393345ee52f70294eea331103f6ab228534bce9f773736cb92c,3601,True,0,0.0,3600.0,1.0,1.0,1.0,0,0,0,3542,2.8009178334128304,8.63013980762526,4.89072660534926,1.423959386017616,-1.52165163713984,0.9747761027661191,-0.16310435881746105,0.4333984548026184,-0.0777624564422927,0.08580488618171,-3.249415006424538e-06,0.011082727336441181,-0.0373247788531751,0.0552100570526077,0.0018799640265588556,0.013327670753478021,-0.116886242870999,0.13352880507004,-0.007346420147043702,0.03616592893427313,572.547236972794,1526.0018508924802,905.4391120161571,268.36562470239244,1.95309613660893,3.51449691533029,2.7458854579915335,0.23169743491505848,df9dd3425493e07a6ccf9c45c8310adfef58b5a6ef531aa07c0ee35950af45cf,train
20190805-104829.csv,6d11b4636331cb0628b60347035f2d0bd1a8dedbb3a0e827165a713fd37a1f5d,3601,True,0,0.0,3600.0,1.0,1.0,1.0,0,0,0,3542,0.945531754060244,9.108071913721949,5.4408642629083985,1.5589924284523935,-1.32735984452701,0.912232031876888,-0.11936164702934049,0.4166032012910176,-0.0211154560786276,0.0177850058426742,-6.6491493884640805e-06,0.0023563767250014064,-0.0241126553292778,0.0550955535560493,0.00345804624997943,0.013866634125962838,-0.0879794338823596,0.0474399493783908,-0.005076928994657057,0.02818518761815958,226.134119795126,1599.79926150934,1013.98779983881,282.9813933308418,0.0047047302250047,1.58262278260669,0.8116087548034935,0.2344908829662018,59f7bda2e328bca676b3370fb3a20fbfdb259e7318ac53d9cd3cc5db8c0f632c,train
20190805-105120.csv,3321dd8a1c39b9941c750acc063277b63f332f4f8775fe06f8f10cdd9d2d0523,3601,True,0,0.0,3600.0,1.0,1.0,1.0,0,0,0,3542,2.4025960918612204,8.61132027827064,5.241998629226817,1.506570115711581,-1.22995810525158,0.993131529466995,0.08087904659057978,0.3992748737751435,-0.0490661367933585,0.0443210424518324,2.3143410319924663e-05,0.006432956335258434,-0.0355124311607739,0.0416803275275765,0.0014764692504656218,0.011481401143900956,-0.0752996098983196,0.125703030961346,0.013143861535643129,0.03020430471310378,426.572468218147,1527.15276278026,966.571450962513,278.7611003835347,1.4148816317554098,2.9741814978951604,2.1691540670757816,0.219580022294955,2973af3e8df7825009dadac9a9e7a8352c27d745e33f6fa0f72f36dd8d21028d,train
20190805-105419.csv,dd2a8595aec2003f7428c3178081d3f7896374e2ccc47e3283dab1304b457163,3601,True,0,0.0,3600.0,1.0,1.0,1.0,0,0,0,3542,3.4894388933174803,9.1337876016042,6.418369875679232,1.6003716566557953,-1.70718062089984,0.7661220996083341,-0.2555575886410497,0.4551583895831423,-0.0369756699962693,0.0323534341572481,2.0529149550677135e-06,0.00738684914908708,-0.0241054073970096,0.0468752451066508,0.005159542690288109,0.014217642234562006,-0.115414392145791,0.0838648822594861,-0.020556740436965364,0.0445435343000064,714.763339200483,1607.00176862455,1185.7500050605618,295.27845828427735,1.9858085623781496,3.4324245240131597,2.7141536353550633,0.21247365358513834,c134f87db695bf5d3b6a8f2c47c343cb9a36218959ab9bc56058a222b678c887,train
20190805-105423.csv,80e32af59e90b5bd857ede760597e197af2ec942c314fb0035592f61cbcbe470,3601,True,0,0.0,3600.0,1.0,1.0,1.0,0,0,0,3542,2.44644476764296,8.9890168064191,5.519127004368477,1.556628758839755,-1.24722067490032,0.504308283126498,-0.23261819469935424,0.23985800406249708,-0.0343769355574002,0.0277175698835829,8.36297469442278e-06,0.0022645338936564023,-0.0141423156744872,0.0523713306246963,0.002658664051857831,0.008550843652893596,-0.0831031077505777,0.0419887467921556,-0.018057288661265256,0.022765819532238572,427.761431539558,1595.81857707037,1003.5842658982638,294.2822129373656,-0.0595516607591293,1.46071925283422,0.6425663342336335,0.2185898348226289,1cb0f38965230cea5dc3deea38fb3d303df601d62f21bb0a6063113a3b9715f5,train
20190805-105748.csv,0980b2fa9dbd88d243a542de823d038f78d7557e8c41e447d4cc53beb81ff051,3601,True,0,0.0,3600.0,1.0,1.0,1.0,0,0,0,3542,2.4344262413941,9.126186951554333,5.819895838995737,1.8900325610555146,-0.956545286592989,0.999258349253193,0.1491820429901688,0.30125919499673753,-0.0078932297815553,0.0094896862323101,4.757516352003442e-06,0.0015686480585434947,-0.0318983952461791,0.0259304374482409,-0.001637220257944355,0.009963231205616499,-0.0842268801304842,0.0731026173181348,0.01199413615967853,0.027521906185107494,412.6633034688299,1605.1000026215695,1069.7934700526973,348.6152911836009,-0.327357338956112,1.40007489228708,0.5656946200141717,0.23055687235372746,c599f617d2bc66b5aa68875484a362f0daa7cc394ae562ca5b1ec7826718e974,train
20190805-105904.csv,60956c551b2293b8c388c92cf3fc5ddf6f22ed7f8484d9b70367dee8400d49e5,3601,True,0,0.0,3600.0,1.0,1.0,1.0,0,0,0,3542,1.0613169667542,9.05058084354631,5.706087421604416,1.7401412075934037,-0.7744031850888051,0.922212651790444,0.11935410483007268,0.3367929088437859,-0.0307987886904128,0.0318017569152159,-1.994289597367227e-05,0.005596160846734737,-0.030894764377621,0.0333541744561928,-0.002086946514628424,0.007819992927461343,-0.0809803990427187,0.1017609638542219,0.009714554704815047,0.0351364311507862,238.66343699955505,1608.8888403147305,1052.7747689141986,312.2593568367752,1.06508210612699,2.87445423464198,2.0075116552686794,0.22974403910275404,d6434d50d91f0dc94562c9e98c61a952d69df1614236e7938b597b9ad69f2a27,train
20190805-105910.csv,4d2d725072c991c51095c50a8319dad905f7718ca4296647d66848f127a742b4,3601,True,0,0.0,3600.0,1.0,1.0,1.0,0,0,0,3542,2.31057310003227,9.07135380338922,6.159831098730435,1.7296970248183028,-0.957954924239768,1.4129206688075602,0.3074746836442528,0.3153667425204882,-0.0309087417482458,0.0348420297297435,1.0609381961580266e-06,0.003866793487974548,-0.0429373935904343,0.0184818180672138,-0.004736174273227212,0.011568883065069644,-0.099012345184684,0.125173010247807,0.01983205277391672,0.034374506925230496,424.816784747304,1601.89590153565,1129.245918144892,322.1294065135376,0.7709412010829301,2.30987255395846,1.510745569070446,0.2247053836351337,15e5977924441e01f9cf0c4e590718280606e1484fb7d1c38217f12ea36ca798,train
20190805-110019.csv,e3f1331322e7a5a684dffd5e5dbe3aec4af35243f1d689a7138287bebe71ccdd,3601,True,0,0.0,3600.0,1.0,1.0,1.0,0,0,0,3542,2.3825834788303997,8.981948247893571,6.2950156038300324,1.538945472201748,-1.33754360011648,0.857548245976177,-0.13510532163652417,0.4084896741168063,-0.0139319684677177,0.0167026116871734,1.010952291584442e-06,0.0024596135003989183,-0.0248907638631523,0.0450074363124804,0.0015835583485236111,0.013611131889001902,-0.0924449075653619,0.0559000869582209,-0.014480323103152195,0.03055112364508535,424.3796304977381,1603.97192407746,1156.761258104987,294.25122707886146,0.110089469032031,1.62415425632891,0.868557444537122,0.21349891271476087,8ca7640f13b22a38bcf0238323e248540cd3375241fc87184740049d479c5850,train
20190805-110028.csv,bdf1fee751338b920f12dc84e98a0db56e57111d1218bc3cdafd3cd22ea6f756,3601,True,0,0.0,3600.0,1.0,1.0,1.0,0,0,0,3542,2.42536319584199,9.09942153514388,6.019379700399251,1.5630287786163182,-1.4394450973738402,1.09796932360339,0.15929572372727735,0.406419479242222,-0.0654180564997744,0.0629177562813964,7.657606710320843e-06,0.007288237375138896,-0.0395419751362545,0.0453155081487595,-0.001264165242272664,0.013403293870058137,-0.0928528847764314,0.117295170996935,0.019462775547858756,0.03499589995581072,437.350239497527,1605.26493701951,1114.694932373525,292.7167054782559,1.54073097100002,3.37075566932108,2.3782857250801963,0.23882576512706266,40a8599892294c932d35faafff68d9855c48421b0eeca7ee5e94472ece6bb6b2,train
20190805-110140.csv,131dfb10a9c8ed3340ae5d3ac0e6dc12856acdfeeb78750b5bfefdcf1cbf5c79,3601,True,0,0.0,3600.0,1.0,1.0,1.0,0,0,0,3542,1.54834126491491,9.11804891925456,5.523417686598401,2.0809053048027577,-0.803696680624537,1.66053319899147,0.09939425084351966,0.33392090133801755,-0.0181068708004459,0.018825669501754,-1.719354541507156e-05,0.0018236318026437714,-0.0569134887941664,0.0167451833156463,-0.0024235595332004582,0.009065718325086031,-0.0877134880484589,0.125338615847642,0.0048320343641342954,0.031184967090010337,324.89664962449405,1608.40683543982,1015.5222420377462,388.01934777304007,-0.326242100815927,1.24857800088161,0.5258578092173581,0.2340274449212644,e3a9b1164c6b6ca620bde881785a19d67a0942d7545ccbc0fe67a793ae1fd41f,train
20190805-110151.csv,6e9fe79e2b53ef5a08a353de5192964a3a4e0471a22425af8a4f7178b7c64d2f,3601,True,0,0.0,3600.0,1.0,1.0,1.0,0,0,0,3542,1.73908138514521,9.01623858589154,6.158751142095518,1.8844233023109962,-1.27106349175471,1.05507495221069,0.1436490738240489,0.48136398625403554,-0.0702761277524851,0.0816502594695102,4.723304713436587e-05,0.011148967013185915,-0.0455336060644353,0.0419509855037894,-0.00010104216854024169,0.011523412565364433,-0.112120549598898,0.134998656011346,0.023356136999134997,0.04863306696919484,378.799275124905,1609.88127217391,1152.380221594211,329.2226554220454,2.7288677584821004,4.2701783848296495,3.5179102563484252,0.2156470906597876,dbecc40425f985c301b67f6c0e6b4d6bd00878fb50f52e10c1a9ae0a66258c07,train
20190805-110300.csv,c81a508d0542f31dfbbd517086ee965ab0cb7b2e1f07eba6ae661abc5949f868,3601,True,0,0.0,3600.0,1.0,1.0,1.0,0,0,0,3542,2.9709471228061197,9.16547753560646,6.059915456103074,1.7459449229663944,-1.0180301482420602,1.27341784569183,-0.15729798934698538,0.44141421385744223,-0.0365691891646683,0.0375751271380699,3.0257084165796384e-05,0.006882329054135568,-0.0399480588757218,0.035799290383013,0.002507154738035446,0.0136595708765479,-0.1127361592769919,0.0861486470839692,-0.015399558060434457,0.03930076927347775,570.7009794282129,1607.9606674678,1124.4442499311267,324.8383559505768,2.11435571844414,3.7749958239728905,2.881758123640892,0.2381261224979054,8e5531780ba2da8f190002bd970b2c4ed8f7ded6c0aaf791d9244907d6ab9aff,train
20190805-110437.csv,cae2578795a34ab99a351ea684173213bcf4a2ef3f107f68b87296765c1d572a,3601,True,0,0.0,3600.0,1.0,1.0,1.0,0,0,0,3542,2.31086579896532,8.87897964632661,5.597617770825596,1.8010673473143035,-1.52842803701854,1.0585374141322,-0.01371142170447661,0.49035623293060454,-0.0646136065353182,0.0803025997783701,2.5573984627985676e-05,0.010365121882020295,-0.03982359247534,0.0539892757588676,0.0037824368031188858,0.014930242893104673,-0.1263735640041519,0.1072954077445109,0.011346638456884585,0.03912420978182772,417.323429030699,1578.3010914135598,1041.9094041184912,333.21230903901443,2.21926562035886,3.67071865091523,2.892352773981592,0.22954801153852183,a65346d5a54b1cdbde6c93742ff31bd4b630f6f01f8b82d75c1b48d1cfb511e8,train
20190805-110553.csv,469f91d0d3b5fb842c1a9bc4dff01f767e2c34e033ea8ddc0f6ae03626c43bef,3601,True,0,0.0,3600.0,1.0,1.0,1.0,0,0,0,3542,2.37527065593506,8.95746336507666,5.852179383966424,1.6933141822236968,-1.22847486021147,1.45820875980945,-0.001050034793685604,0.47301969880371436,-0.0294487501028386,0.0251130414638829,-5.37467548147381e-06,0.004630507390501981,-0.0417618525275767,0.0345101343381464,0.0009736502999765754,0.015004373478543437,-0.1007163758307449,0.0952853596097145,-2.836035844032667e-05,0.0336311924331646,426.906321795916,1600.43363002814,1089.2006714841002,313.31126686769926,0.7975924807621769,2.48386987774712,1.5947106015931827,0.22984469919378095,11e519adc9da1fde1279f19fd261b533ea580496d1a2c4ff0367d6b49866aade,train
20190805-110729.csv,c2265b6bc18133b9e5aa25e904d5f255c4e4dfd15c48f6a94945d03b63294830,3601,True,0,0.0,3600.0,1.0,1.0,1.0,0,0,0,3542,2.07203236857568,9.02520547504532,5.786613369240694,1.5516511770153718,-1.0991614755311,1.27057909505298,0.06236261706591631,0.46433137368032695,-0.0671541492965365,0.0713705700641741,-2.079800243925775e-07,0.011900260926488314,-0.0430536491513379,0.0321406957650758,-0.0007852137403274335,0.012160572596993177,-0.106346801868483,0.121149179593474,0.0056192906604439425,0.0450441608080295,478.510977770696,1600.47030108749,1079.8400309009612,284.8733136456115,2.70371226742926,4.14284531473279,3.3752353323564703,0.21895188582619393,42ebbef07e77745c316e5f4347f7afc5d6ae2e7da4baf24260d540a6b52b0136,train
20190805-112236.csv,cb391e965a3f9b2a91d376cb6a7cfd9fe70db68b3400b517c9f5ea3729524d9d,3601,True,0,0.0,3600.0,1.0,1.0,1.0,0,0,0,3542,2.45928399177976,8.013470562367111,4.968032893771041,1.2900697826776881,-1.04515840219862,1.19148733376163,0.01458092519058108,0.3752234039758339,-0.0138728108276106,0.0141093907261038,-7.150459853201601e-06,0.002176940019841655,-0.0370159962709597,0.0429516844350717,0.001017295332794381,0.011368012777452542,-0.0637459354023813,0.0599874324348235,0.0036635491962199148,0.02334082267984036,426.238338809306,1429.6372514569198,910.9551480181402,247.5184706216903,-0.0539619260913403,1.66598044231825,0.7381977710303057,0.23077712743674714,c8be4ae531665e9ef18095bee84cfaae93d80967e4b450aa2e62dbb0dabd4d54,train
20190805-113324.csv,6643f0cb19f9070f40d086cfbc1e73c0fe4f7e86d67da230650a3a64cb863e51,3601,True,0,0.0,3600.0,1.0,1.0,1.0,0,0,0,3542,2.0140238469958898,7.037393436849331,4.67729158744862,1.0407612868524625,-1.37252844918407,0.6881815256402211,-0.04466415336540068,0.3309271223052924,-0.0212576867241692,0.024347373605786,-7.315618591247434e-07,0.0037767335452880925,-0.0277314500483805,0.0409948277582591,0.003196411340432645,0.010232525094191758,-0.0736860171548428,0.0541917452148022,0.0003640086024251017,0.02059462282790733,412.70509054657697,1243.8931763550302,859.4033377998632,199.32144807630425,0.610402092618986,2.27569002294008,1.4739069286507676,0.2299269053848927,d7df27955e017e16ff203495f74f91873ec7b477ef56c41bacce74dfd4999676,train
20190805-101406.csv,127b7ab569c6a27afd888f2782143760c2921059414a3b302de0440b0193d60a,3601,True,0,0.0,3600.0,1.0,1.0,1.0,0,0,0,3542,2.53660867643473,8.768607828036581,5.931589671277503,1.991063599667294,-1.33802069949524,0.97249320996941,-0.12438022755106491,0.4206894023141365,-0.041027077027664,0.0420085989895719,6.990725128795895e-06,0.0057220854310538515,-0.0361293851619209,0.0486712023891398,-0.0008817301653347771,0.013830936099245395,-0.136420987959579,0.0994380477516028,-0.015912121254731577,0.03520898493422169,424.7437830838839,1590.2186369889498,1093.3233912452654,374.55365706776,1.25353631093499,2.4396679484758703,1.9339067185653618,0.19650132368816187,145bd2ac3230005334c41326e815cb5b1eec71798455f209d198c7809053e6c9,val
20190805-101651.csv,85339cd53d1d91ede0224f43886cd65cf3436962cf169cb09136cafe797a6217,3601,True,0,0.0,3600.0,1.0,1.0,1.0,0,0,0,3542,2.56051643009257,8.691926505748969,5.441209592337775,1.7000344437378805,-0.765449752677775,0.617040818823515,-0.19532773011625815,0.309869852864996,-0.0369982982864371,0.0357015927805474,-3.9479525605675595e-06,0.0041932908569023665,-0.0269828768449096,0.0388457970954133,0.0018978733335310671,0.010850796722932102,-0.0940547755477015,0.0734901240731793,-0.017472365513310845,0.02501466924536287,424.7437830838839,1597.06332703001,1001.9070498767215,315.66696876045654,0.74339450558421,2.09074060288367,1.4670050687906724,0.1952850897205599,d802c74d70f79f8a0e319d82202666cb19f45879f6f4942e329f8d5435456ea5,val
20190805-102041.csv,2f7d0b39e9365bfb43f48382cfd9c81f00d9c97c0f0d3f296768310ae8f1d5c6,3601,True,0,0.0,3600.0,1.0,1.0,1.0,0,0,0,3542,2.40580468603009,8.99265260888106,5.522558871211411,1.7264985699408886,-1.02368868134665,0.735640190220015,0.075919413285937,0.32082193691644956,-0.0137985226806685,0.016325845948824,2.1425857251268654e-05,0.001839478096974765,-0.0310520528743274,0.0342327771319457,0.00035620286440766135,0.010974283792723739,-0.0692867382480156,0.0900794246429228,0.009010926547376693,0.026388904633622805,445.79243861657005,1597.06332703001,1017.5995411645569,316.48093249619143,-0.135866535815161,1.29147284483628,0.6237298042480773,0.20502026891307026,b167b5b9d92689fe8ecf2fc7b55d8c07e3b137ac98b1fd785742eb8ff83715fd,val
20190805-103844.csv,5aa630d425f85902183753d5142ae3ce79b4855e3638e45d9d10c00c47f14c18,3601,True,0,0.0,3600.0,1.0,1.0,1.0,0,0,0,3542,2.4186273954551,8.462590964161121,5.263698237060065,1.457066958406476,-0.756482083647735,0.616253788582404,-0.15692610429079398,0.37784080818185684,-0.0328647272322327,0.0306662378059463,-3.264022178854873e-05,0.007370568845505083,-0.0284261268319918,0.0315159682735913,0.0018604660448902938,0.010290957437743371,-0.111832336427975,0.0873506456977768,-0.01505451579108375,0.03352920430751079,445.79243861657005,1515.5334094020402,968.9864001073455,264.8639967569366,2.2031062675787596,3.4295480066691697,2.8203213746362343,0.2122246598909685,84a838f0f57123f29f0d94a59a1f7c145493a94f866cb5183361b91147682753,val
20190805-104127.csv,4497b2bffca050ee6ac97e7ce0d9f90179080eb3b4a6dc158a2a3647cfd9379b,3601,True,0,0.0,3600.0,1.0,1.0,1.0,0,0,0,3542,2.4823751039937902,8.990779496524901,5.692560703259456,1.7419545150930777,-1.18355910858835,1.33063999060613,-0.06797972457217111,0.42979433610785384,-0.0252934572536602,0.0259578019359827,7.784176250708334e-06,0.004622162460460152,-0.0560182149948206,0.0535569361567445,0.00026937008386259206,0.0136284670648362,-0.100926880723565,0.103562828403013,-0.008666482729426472,0.03608317835641821,435.062725385681,1590.2186369889498,1049.150240532484,333.71679755251347,0.7773476731577329,2.14914174165037,1.502798358612341,0.20638885893654138,671b9a1c18f8c332ace7de24eaf29cf1abd1bf7a6154e088d4c2d1a4c05e28f3,val
20190805-104830.csv,1c513e07cc0b5d6dd279aca0a53e127a1f4d7bee3bdda7a81485a66ef4db0722,3601,True,0,0.0,3600.0,1.0,1.0,1.0,0,0,0,3542,2.42135580788102,8.344376487979149,5.2198859528738,1.6889512682905832,-1.38031730047575,0.642691454461302,0.07771339143427805,0.3871994831906293,-0.0476139194265223,0.0492536739070488,-1.6422001278883235e-05,0.006607859982644552,-0.0388537623775938,0.053355583923222,0.0002294482738269505,0.012532863579642632,-0.111877037738138,0.0963839684185075,0.008149939761224814,0.035220679903553535,464.377422518963,1515.5334094020402,963.0961590616643,311.3974674001655,1.54296436050292,2.9657797872645997,2.180612172453667,0.19570778640717038,eb99b8e7dc473ee295df489ddffb276d1bac44d9741c66a375e9cb2fb7f7c20b,val
20190805-105242.csv,55380b61bdcae0121249f23ae9fd9e08a8330fad60fdf9bf235dc72ce4f082cc,3601,True,0,0.0,3600.0,1.0,1.0,1.0,0,0,0,3542,2.34800313810548,8.87511162392573,5.852581600914731,1.8074828781028909,-1.17007610908947,0.5595554565873221,-0.3743305615573918,0.31222405005087955,-0.0510600452618529,0.0463508919203949,1.0452801541294201e-05,0.008865008662306773,-0.0430943611371661,0.0421573359289015,0.003451123860762598,0.012211325117086438,-0.132523952629741,0.0693535573983661,-0.033008684935906904,0.03321783948935325,435.062725385681,1594.07968627407,1074.999126564675,346.3009845273106,2.6938856690902697,4.16267473632235,3.29981371646476,0.1958637244444048,8327f6fc807ec763632c7506db32e9e40dcfea3c9bf71916063c4014db629c87,val
20190805-105606.csv,bffc4ae141c86dd78dd3e468736d6b8a7c4953d91e4c0c56eec7d973dc0d74e0,3601,True,0,0.0,3600.0,1.0,1.0,1.0,0,0,0,3542,3.16103592579545,8.98641150762748,5.866421838682022,1.5751002956564004,-1.20326218233655,0.987760203953139,-0.13377687994738555,0.5064775798979884,-0.0856448118942374,0.0758848392119911,-4.931509967810526e-05,0.010692390026699123,-0.0453252175407393,0.0534484410364841,0.004999224909954855,0.01575640917654058,-0.111686636949679,0.119388134894773,-0.0018609590389529818,0.042119586065137986,429.452473094429,1594.07968627407,1097.828859798508,291.73473648304616,2.8026682129366405,4.22527519611472,3.503585791593839,0.20565302480585856,094ae97261725b2787620f7176bac62dfda212f6fe282fbf9b721f6f8917e6f0,val
20190805-113007.csv,849e9be65eaf8bf3d9371b52aa6651f880b64a6a54f9c84a69cfd46dc6680c3c,3601,True,0,0.0,3600.0,1.0,1.0,1.0,0,0,0,3542,2.6225994494757203,8.8485605999,5.661123256983058,1.8065377052293579,-0.8610258495120909,0.570554225188613,-0.07720577158007846,0.30907441807908187,-0.0135214484091038,0.0167856823519345,-3.156151751760844e-06,0.0020125545771789407,-0.0218838411201793,0.0466077757479932,0.0011112078678747904,0.009408354968006847,-0.088454225228908,0.0736355224334413,-0.005627964753048229,0.030565968211651386,488.12048744641703,1594.07968627407,1032.7868374392594,332.46566233574885,0.0016806268365582,1.38775244220022,0.667976228059335,0.2059251949744239,70eb01a83cb522830327735e1719d8c1aba5f8b92f8831b47eb29715f312ecb4,val
20190805-100059.csv,c536f35d13bf87d75cec1db3acb66202bc10847ca735c8d524d9b7f20cee9a03,3601,True,0,0.0,3600.0,1.0,1.0,1.0,0,0,0,3542,2.56027802447963,8.858551924357858,6.377802388244195,1.7261932098952002,-0.8723603898504009,0.867375165651912,-0.03056762403874966,0.4166720184185638,-0.019218317349809,0.0224836304478019,1.0291511628661124e-05,0.003676751134165043,-0.0369049398644793,0.0391960298726306,-0.001369616489525826,0.013157151576576605,-0.0898154341920194,0.095881282615415,-0.005495100731909824,0.03791845276364551,435.062725385681,1590.2186369889498,1175.0309377852827,313.956499523979,0.699666269481884,2.1759349117110403,1.4304881975495265,0.2141155635977416,5b1032f84bfdc874081b72b2de2a8857b257a6dddcff367412fb17acad5346a4,test
20190805-100153.csv,f21076fcecf69977d8f218bc542e1121fbb097b70fda4a975c59190c00333e5d,3601,True,0,0.0,3600.0,1.0,1.0,1.0,0,0,0,3542,2.55827470801811,8.858401929170961,5.5961991960739805,1.829038664463706,-0.843664127278928,1.02036334109628,0.07635257142518442,0.3728499863408387,-0.028144661850516,0.0203957221319382,1.2769668429536728e-05,0.002713781977197967,-0.0369970151658163,0.0377518260876439,-0.0024790402495308856,0.011802799210067473,-0.0802492220408371,0.0902432662686312,0.0011754414969709756,0.03235283308846499,424.7437830838839,1590.2186369889498,1025.4719387297084,335.61421461825233,0.221192430079921,1.56697778987602,0.8439274926489548,0.21790006683624935,e709a38ad7f1f5197ffaf865a22d104cb977cbe08c985e72586c214c7aadc5d5,test
20190805-100524.csv,bae8befaca599f3cc3f8858358e0f2a74c437a728afb63462ad3eafe36f07906,3601,True,0,0.0,3600.0,1.0,1.0,1.0,0,0,0,3542,3.1168309903972204,8.85069691283241,5.551214948304752,1.8711658389630046,-1.5272843445435802,1.6504567546951898,-0.24598656263954743,0.546274352335791,-0.114182570140955,0.109338825607023,-5.18847380284996e-06,0.015531051969823373,-0.0583362956656041,0.0498345015707042,0.0013350926641903416,0.01552420172576557,-0.150240648764434,0.149948940942271,-0.019223184095122112,0.051004927128301424,429.6938927928,1594.07968627407,1031.6395144864803,362.7367685580846,4.2239696792811,5.67050555941387,4.991987581569869,0.21906679227112388,2908fdd80ecf3ab52ca6769a1ff7a2667bac442f61a7bd2ce52b39db7b71b07c,test
20190805-100611.csv,eea600a9e9e473f1d9b9ab80176197186778fc7121879fafcff38c8e84330768,3601,True,0,0.0,3600.0,1.0,1.0,1.0,0,0,0,3542,2.67264701856482,8.86620433190321,6.300932435808177,1.8611425054092707,-0.9342280750380668,1.30907209252374,-0.022872171222937117,0.41606269969383014,-0.0241099842348782,0.0185301050942451,-3.635787611972335e-06,0.0025225803925582333,-0.041869077680605,0.0478975296939232,-0.00034189921685888843,0.01354088452252464,-0.0876276962659932,0.122268952652872,-0.007180798195376582,0.036434577105002225,488.12048744641703,1594.07968627407,1156.0507333444914,350.3603660264804,0.152285738064662,1.57086492049541,0.7638336366741407,0.21191410035319366,4826627b9db8fa4f0c5f40f2374fa2d01709e209408e69e57df1da8afbdd61b7,test
20190805-100744.csv,d65fb084402576c01739c3239558f6497d1e1fdf7443da94bc1cae169278e873,3601,True,0,0.0,3600.0,1.0,1.0,1.0,0,0,0,3542,2.56619412326688,8.77215929971899,6.0822715489955295,1.6635218505340321,-1.12766293157818,0.69220015553649,-0.19408682780685466,0.37457937966277677,-0.0465469764299345,0.0515029672086121,-9.495000025253094e-06,0.006631401643584284,-0.0297697723253453,0.056774965113268,0.004167136115656333,0.011859423221804218,-0.103956502815931,0.0978465844327467,-0.015720348036913183,0.039315158721469456,429.693892793768,1590.2186369889498,1118.7323465396792,310.02004924927144,1.7354144840490002,2.9604843644765197,2.318410341502703,0.20547614276902204,3aa8fbdaf3aaa9e8071f4bfbda77b24e010788452756154bf5db4aad4d843b61,test
20190805-100829.csv,36c8e82b9783e312f8fed7ec22f447d7d079b0bf0743aa1a8cb630a3f4e786ad,3601,True,0,0.0,3600.0,1.0,1.0,1.0,0,0,0,3542,3.20749934962311,7.49163369738516,4.831187924335063,1.1009340672661512,-0.9060082805194192,0.509670221498286,-0.18323176046104897,0.2573090643702458,-0.0163474954172987,0.0170614262946193,-1.3966633251089381e-05,0.003565808431940347,-0.0333367514970439,0.0322867377258482,0.0025206667429214036,0.00994030648338585,-0.0691852803618187,0.0613591410516467,-0.013479040219802675,0.01836465070892723,581.995928814742,1346.40202641661,875.7052696231723,204.20745933868196,0.580257223276056,2.0231393697684,1.3105192440617204,0.22328307483738408,7db36f14fcec7868999630bf66ead2c5450d9f745aa4feb0537b4f195e816369,test
20190805-100939.csv,c7bbcccef7883b5a6690c5966cde2bc61ed154bafe79bff8e733159185373c5b,3601,True,0,0.0,3600.0,1.0,1.0,1.0,0,0,0,3542,2.65771416957108,8.82561529225661,5.3709318696501835,1.8311823469466462,-0.633133980616201,0.90284941573695,0.12174267183424754,0.33668286238232875,-0.0385375677908857,0.0350316249838883,9.75773405541083e-06,0.006447008875302419,-0.0239747041810761,0.0246347185660051,-0.0013927842007742137,0.008775154252138671,-0.0922654450635694,0.103464486892434,0.013630651378928152,0.03315646058529216,488.12048744641703,1567.13546713763,979.9674545548418,337.7736736001943,1.42452713357433,2.8606637888866095,2.115032403477888,0.21841196897129234,f9aad7aadf33c75afaf4cb4e6e1ff20bf8fc1d94e4fbc8fdde675e163c3582f9,test
20190805-101052.csv,db581b50985a08868995559df401955a9878db5c08b436b5de196e63f7a713cd,3601,True,0,0.0,3600.0,1.0,1.0,1.0,0,0,0,3542,3.0416614433622,8.04319430805375,5.277724338608482,1.3883132875079582,-0.915215222858481,0.7983391923612789,-0.07990300513919413,0.3477912448191017,-0.0466010070756304,0.0556830796683356,-8.396631487246838e-06,0.0048832620001468515,-0.0287586698417874,0.0316102838088215,0.0001444229709311381,0.010450209874725119,-0.0900694614633251,0.0527209718594381,-0.009128655211373968,0.026701053920381305,429.693892793768,1420.13980455037,971.3800047908909,248.65590076222568,1.06977777735196,2.3811294623096497,1.7510187743884453,0.19837493511898815,1981042f2d7d219986069f5f0629fda21ae016c66aafb47828e7b0ad7f1d805d,test
20190805-101219.csv,7ee88075969336de432d7c3ff0dbfca214d2735ad986aad7815ad1178395e2d8,3601,True,0,0.0,3600.0,1.0,1.0,1.0,0,0,0,3542,2.5483203565955095,8.426953595397741,5.569794150499818,1.586571433914386,-0.9002334128953041,0.579462658616753,-0.037058469885713485,0.35033996282882723,-0.0252411517815239,0.0178128930969803,5.951321584055895e-06,0.004088470958598619,-0.0180620350491009,0.0448109117659268,0.0025015420568004466,0.008564373847677715,-0.0911594493910313,0.0734676193186177,-0.00017908551984187384,0.03244957964790368,435.062725385681,1515.5334094020402,1019.6365554626724,296.28075507290555,0.823622465942353,2.0026741537891,1.3880789720910593,0.20571438249290863,9400c985b51bdc46d02626f00f72809a44614cb07393fd4c5b5e119d4fde25b7,test
20190805-101241.csv,8739845e870eb36f4ac10f79d8f63c5d231aea58c16e9bc3730efab0d2c640eb,3601,True,0,0.0,3600.0,1.0,1.0,1.0,0,0,0,3542,1.23241001562226,8.781488191633532,5.297463021622321,1.6094767777633356,-1.07033391053713,0.9378267756601052,-0.0685369398905856,0.41316175194161,-0.0301480149139859,0.0272703892974298,2.137846187758544e-05,0.005676183675987444,-0.0408593639595146,0.0382856975009045,0.0011479045889357408,0.012533089942400604,-0.0742094404121318,0.121953587606476,-7.698649695967007e-05,0.034547539274311714,255.442996132177,1597.06332703001,983.6015635172636,294.30594696306804,1.59611010607121,2.9227302193634803,2.243442820381811,0.21577576757336098,d3c68d13b71477343cc0b3da22bc759549de656262915e727de8c3660914f43e,test
20190805-101630.csv,43b0a3f2f5320bb94bcbf085db2b0b1ad9079af6cdbeddf759e30fd4180f5ab3,3601,True,0,0.0,3600.0,1.0,1.0,1.0,0,0,0,3542,3.0920582796633305,8.85434991365818,5.956635772077802,1.6301697296825155,-1.0140254589782,0.90292950172964,0.051632923768246915,0.413701940023738,-0.0223800815882464,0.0229037778351402,-3.963625536537324e-07,0.004569182193955626,-0.0401647884830034,0.0377130114301116,0.0019128360638741404,0.01306054743863426,-0.0874247133302628,0.0856164003940867,0.009194556519702435,0.03376989413247602,611.8735008212641,1590.2186369889498,1097.0889545406587,299.9113438372183,0.8312204840708319,2.30148375095741,1.6320013644414237,0.2125552179206734,97338c989298b0b851d53750a097a61e954a4ea01b4294028472335f0aa4b02e,test
20190805-101815.csv,a6892a666b72440d4ad332975ef585ca7a4f3eb15dfc4aca8dd9589517890710,3601,True,0,0.0,3600.0,1.0,1.0,1.0,0,0,0,3542,2.15401236245372,8.84942765081477,5.6975929601044415,1.7133330187064446,-1.32514296772076,0.5866945277985439,0.0342820838353267,0.3625732431733103,-0.0296054879699216,0.0294731007022741,3.988593903939043e-06,0.0037058462783137115,-0.0258246144842539,0.0410717550321186,0.0027581491314136856,0.010561259819118773,-0.0925760220800287,0.080505348194853,0.007191832340932376,0.030977821818391878,417.546349475008,1594.07968627407,1044.239766181567,318.7330670666987,0.3795324107419699,1.7917786054064098,1.0187599029893308,0.20813599605980385,1a273a7a12cd2e0c543c2ece3c8b6e89d72cff29816e60091e1c816b84c10543,test
20190805-102053.csv,c0d86cd7f95c2c759e95132e8362e0507393f29c1948e50a5f0a8188a1a2fb15,3601,True,0,0.0,3600.0,1.0,1.0,1.0,0,0,0,3542,2.57529402196718,8.88763796613148,5.934290046037554,1.8876329113254886,-0.977251928565731,0.892934521295734,0.015959216343353618,0.42057280725498375,-0.0554396307913393,0.0569158960732412,-3.605162175288244e-05,0.007316303767562447,-0.0394812022412755,0.0370587626321753,0.0010194440051057758,0.011565885767793334,-0.104458505759331,0.0975607268231515,0.009123281717932648,0.04191849578957635,424.743783083858,1597.06332703001,1095.8498742288432,349.0956165511556,1.5613260627768002,3.0285377534354705,2.2892377185765977,0.2006276069350741,84f93e77a7494381888ec8a2f41bdca195faf8a6291d778a4c91d57440c90622,test
20190805-102340.csv,3213ae4cb0932c3430e1fe0338658d6c6920144b08e5db7743b36f0f29a66231,3601,True,0,0.0,3600.0,1.0,1.0,1.0,0,0,0,3542,3.06176003800412,8.86330686278942,5.624185399500341,1.5779875048964411,-1.06017849427325,0.627240306543034,-0.02229610660359519,0.3988911406012071,-0.0131289533781979,0.0105347394927922,1.114787132476403e-05,0.0020848263953625076,-0.0285666846287743,0.0373836255808524,0.004658361621334471,0.011950013761862494,-0.0546420772191043,0.0824187385703326,0.01113738612789348,0.027118430153901692,445.82099059780296,1594.07968627407,1041.76371934039,287.7824934592629,0.30096603286901,1.53087577569909,0.8377055897065468,0.20563609125676627,e0885f27408f5b44e173ad3c0fd2613b7e2f2001f3d6d8704da760eae3df519d,test
20190805-102522.csv,bbd0b63060f8502bd3625565743fc84ee6bee477365048e7fd4488646a84dd95,3601,True,0,0.0,3600.0,1.0,1.0,1.0,0,0,0,3542,3.3543554750925804,8.4148949054085,5.158900654456013,1.497997215157157,-1.05767372631119,1.27141224654621,-0.11174797872197946,0.4402149708501408,-0.0580565953153661,0.053545803414104,6.133665495220133e-06,0.008546824301395481,-0.0518053013067281,0.0451916762982736,0.0019811921020560157,0.014850982399322,-0.0860082613780735,0.143686010720052,-0.0011533760516020176,0.03588488541919379,707.4012980732539,1515.5334094020402,957.7600742681054,278.9726616162538,2.7802825678842904,4.47427256834855,3.5760064542589296,0.21175848048714074,f7423ad8f5521a75540e26f98ceb45f4c8249c2ae72abeea86142739d78420a1,test
20190805-102651.csv,431104c0e5f7a59c03d0d5d229a4931d5a2ef3b83d6dc83d37196ee90f545f3f,3601,True,0,0.0,3600.0,1.0,1.0,1.0,0,0,0,3542,2.44044453452771,6.8184647350200995,4.62207627329057,1.1314368619250126,-0.737166438305332,0.9219286438301372,0.03131345157843939,0.43455903710119237,-0.103662340567643,0.110220911812262,4.184517921949413e-05,0.013676831135168443,-0.0419129251289642,0.031333549497944,-0.0012948795409940105,0.010833137655310682,-0.151491810464838,0.0955776957601771,-0.0007617708628475579,0.037111597636371486,435.062725385681,1232.04819468321,854.5330142441655,203.6949855973954,3.27740103884641,4.629105430152911,4.004295931163476,0.19639482138991704,a2d0ba217faeb18f7f4ce9230199c2ff8a48ca8f1436bb2fea96c9bff0a44395,test
20190805-102810.csv,2a7a96c87479148f06b6314447ce400d9b828c527964bae8fbf09d05d5cf86c1,3601,True,0,0.0,3600.0,1.0,1.0,1.0,0,0,0,3542,3.2485035152676702,8.830801327879788,5.777112852097335,1.6909737636527116,-1.1723890002761,0.669931125335117,-0.021827749118991966,0.4099637956526776,-0.0230264424442857,0.0171939581265134,3.974817895461396e-06,0.003160243763395218,-0.0255562446120454,0.0552692796912994,0.0036816296493569507,0.013531359732624926,-0.0945187395608253,0.0803168317635978,0.005546534329694108,0.032006402034881476,611.8735008212641,1590.2186369889498,1063.1551656981055,318.13647723875664,0.330730080894236,1.7622744855703705,1.0228568799785505,0.2149261965425332,366ab96054fb66122e578b69ca60696602f3838c336b29c0bb2f4b7101ad6846,test
20190805-102951.csv,fa64734bd9bc62b7dde39e3b1133840abad56a6a334ba2f31ef7d8bc43c7c11b,3601,True,0,0.0,3600.0,1.0,1.0,1.0,0,0,0,3542,3.0221440300831497,8.7413337057323,6.116061320802921,1.717163323706241,-1.21029466484726,1.4237340414592,-0.11318972222427841,0.4979347930612159,-0.0550865526886607,0.0431649440441345,-4.766866685928717e-06,0.0075776660777334285,-0.0566413065001554,0.0490803560183665,0.0003572720472823842,0.01496586029745182,-0.114333679575343,0.122405347239278,-0.010159567656090544,0.04591537711177095,581.995928814742,1597.06332703001,1134.2056294458723,327.005292419634,2.07421830825422,3.4238329875249,2.710294211207744,0.2173479977668344,a54ef0b4bad31cb978a37323b0688f5e5e165d1e395fda184d7d1004251c2eb9,test
20190805-103414.csv,abbcd4cc30d3daa45ed53af672734ed5122134c6ac72d30bf19fa84da9b57cd4,3601,True,0,0.0,3600.0,1.0,1.0,1.0,0,0,0,3542,2.5616905761094,8.883672748907971,5.961479570322499,2.040720181373549,-0.816074032092696,1.27679747212046,0.16276548137210378,0.40777230845744195,-0.0166941720298854,0.0181721131554859,-2.8997878760118896e-06,0.002563822269331995,-0.0476331885119409,0.0381076029399591,-0.004028388940723276,0.013212846919802618,-0.0418177610981916,0.1179456406118489,0.014039561880859749,0.03457463388628347,424.7437830838839,1594.07968627407,1095.5056941698713,383.49568218156594,0.11049853542281,1.37702377832345,0.7596505393205518,0.20159035720614732,c134036bbce80db493fc0a4ee50a23a4ffd01a13622ff1658bfdac0f9e6e0851,test
20190805-103425.csv,60efe3024b156a8d75cc5ff377d9d2418455911c357abc386251b85e1d11f0a3,3601,True,0,0.0,3600.0,1.0,1.0,1.0,0,0,0,3542,2.5703505152701296,8.90233047532753,6.0984103342243,1.605111764789416,-1.14675950423871,1.0387091120745502,-0.01415412397240184,0.4538451226894728,-0.0308143005234297,0.035988235859757,1.1029898703508861e-06,0.006581233702766705,-0.0291726418228348,0.0452343248641795,0.0031430665743835485,0.012024179210361505,-0.1021665044662899,0.110084889802509,0.004933209169423384,0.042560818522407326,490.457498996958,1590.2186369889498,1123.966434817156,296.2212328630548,1.70766161872016,2.9734025797421,2.34231483719725,0.20693095021125907,a599e8bd39512859d12cbda4be7fd7c2a5992b40f37d9bacf56f985aec664cbf,test
20190805-103719.csv,7094677c42a65be0a955b70717a0ba146d6bb5c8497012d857a5ac9531b03aa2,3601,True,0,0.0,3600.0,1.0,1.0,1.0,0,0,0,3542,2.47208204561616,8.52487225604354,5.129872829290493,1.5603351774007792,-1.4047461018145502,0.7766091497966958,-0.09644303858389001,0.36620778351247035,-0.0176860251358465,0.0168836592313943,-2.2867519866840714e-06,0.0034842684589522365,-0.0273984523920361,0.0537809722012996,0.0006296401257555302,0.012285046888821295,-0.1079091444140369,0.0907562601839413,-0.006913009337529829,0.02991839645794657,424.7437830838839,1515.5334094020402,939.0206090432233,289.14723822160107,0.532333271548083,1.95287345861404,1.2068278767563052,0.20335520495983173,8ebd2aaf0747a54a2be9f0d4bd3a21d3dedc829c5a36643a8fc8faf13a9b176e,test
20190805-104009.csv,15df86d6d3e3e019cfb482e2709be6a721c0f827ceab71f00294266fe4e222db,3601,True,0,0.0,3600.0,1.0,1.0,1.0,0,0,0,3542,2.59062505174183,8.81943080187379,5.840241686261852,1.6362372298589498,-0.489293373173194,0.669218428717352,0.24228989143274984,0.23383123190700147,-0.0235751811573656,0.0279441574987387,3.848914465862358e-06,0.0029760192689178757,-0.022296281505757,0.0166052726209661,-0.0003974780835238006,0.006185189688572348,-0.036031205310445,0.087848325826231,0.02827104829058316,0.022102466103448213,445.79243861657005,1597.06332703001,1064.838319523921,302.3527002964498,0.4537768271828259,1.80290444000761,1.0702574237823237,0.20726984793690523,25b1b17227999ffc225f144201460bd90caeb86eda58cbad61c8db94fd05ea71,test
20190805-105122.csv,4e9551edaca18f5745f739507c2e1b1fddd379ae9a51efe837898f5801c062cd,3601,True,0,0.0,3600.0,1.0,1.0,1.0,0,0,0,3542,2.56378313844113,8.90381044685682,6.137532927928931,1.8478892293201004,-1.4081056900713798,0.8845590355346149,-0.013948030806645854,0.4159715525287808,-0.0196569656670641,0.0159552821571976,-2.5510939765480564e-05,0.0023672544239961677,-0.0451993615283185,0.0537397756995814,0.0007605245784061675,0.01337657536572387,-0.104487094588149,0.0840845144850246,0.0011244361180286504,0.035329198013249095,429.693892793768,1597.06332703001,1132.309132887353,345.98191902467534,0.036126817721285,1.37967949470628,0.6986029372277714,0.21353643070515999,b97776d700c75b3b06439fb4ec0d3755c3a063bc2b36b220e06a1270bfc76adc,test
20190805-105248.csv,6229efdb25b00505747113d3ef40e17a9c5a4ae7a683efd25fc9c72c83b11d94,3601,True,0,0.0,3600.0,1.0,1.0,1.0,0,0,0,3542,2.51403497826891,8.80458000025613,5.991423142296877,1.8003900002831499,-1.02996110849156,0.745691515289039,0.050511217070457116,0.3773904747417299,-0.0174891224647663,0.0188416036987204,3.167545748828524e-06,0.0035283832976677407,-0.0346565242436925,0.036426535379689,-0.0011703328790220963,0.01068038563442482,-0.0841656298538083,0.0842832849808057,0.002133389700092659,0.03625022277349537,445.79243861657005,1590.2186369889498,1103.125105088231,327.29120162593864,0.7878268000980451,2.07553800128091,1.4513849429854495,0.19123055161586588,c80910546a2c65188b9226d442ea9f864607d5cfea42b14d3629133a023f047a,test
20190805-105610.csv,40eda901d7a751155bf8cc65bf34c5c5153ff2103dea71fcca42da9f8eabf45a,3601,True,0,0.0,3600.0,1.0,1.0,1.0,0,0,0,3542,2.19762114589008,8.74272119610547,5.847225157682754,1.5635854777929732,-0.77211269663094,1.62651228288986,0.03578112279642248,0.4703574516420056,-0.0270142605749317,0.0246422052641334,1.5870136890985156e-05,0.005356970063217079,-0.0523189247822734,0.0351254644983044,-0.0014897854231125615,0.014189605205777408,-0.109153082180073,0.0886744312951908,0.002118882888326194,0.037576761547573806,424.7437830838839,1567.13546713763,1086.2604471870136,299.6271650907182,1.44575755692387,2.70157474531308,2.11967107939637,0.2023836339530687,f0857dd664899e306d5613869f700727d9f3cc0570a6481d38969dddd4030899,test
20190805-105743.csv,96baeb41e2a09b106d4142951ffd6832491a93ef49d8a1465e126047fa7d91ee,3601,True,0,0.0,3600.0,1.0,1.0,1.0,0,0,0,3542,2.32259364071766,8.90409948153009,6.325981332618723,1.6561367980946051,-1.4195104726681298,0.9064668552292372,0.05396586145005922,0.45995637437468834,-0.0175871559885783,0.0152122193871538,2.2820381251693733e-05,0.00211686429272454,-0.0350149165998043,0.0536880146919969,0.0033207936611684913,0.014847324428685733,-0.103504168270223,0.0895287952186625,0.01902641030861139,0.03460864115726866,447.08283719297305,1597.06332703001,1173.9741268174848,294.5003696647965,0.0817712285071764,1.30933621598937,0.7239304859963153,0.2118219134522819,471450298bc47ebf55a0c7c045ee9e9fe541dc74a48a183e3bb77d31436743db,test
20190805-110312.csv,78c13140ee65959c2268d6ab157c11bd679c9e4db1018be6df1849c5d1d2966e,3601,True,0,0.0,3600.0,1.0,1.0,1.0,0,0,0,3542,2.54795863233084,8.37238590295712,5.236062337722248,1.4949933055395745,-0.9792701927504908,0.6773769711825011,0.010887214377577418,0.3848172008976192,-0.0330082419355086,0.0264205819691459,2.0672955549841806e-05,0.005465254826541657,-0.0242419611905626,0.037419683872043,0.001324433053116479,0.010991223866659518,-0.0632400884040898,0.0879509351508001,0.006726038538515461,0.029637456905733866,445.79243861657005,1515.5334094020402,965.1989800791708,277.7593652902809,0.896871387534152,2.43838215574002,1.8060909983673965,0.2115490082220267,e4e4b0e96770424684588f82981d8a6fff89b58bfef8bcfebf4f694258501c7c,test
20190805-110424.csv,0e93b164efe76c6bb556e231249f69374ce8b57c233f11b99c935080e4a27588,3601,True,0,0.0,3600.0,1.0,1.0,1.0,0,0,0,3542,2.62365301758572,8.858977897738132,5.871338594831897,1.9469547284317539,-0.603222365381659,1.41661432265939,0.04003349036181702,0.3944189490732231,-0.0169897045509848,0.0155743867459253,-6.209616134601034e-06,0.0021773277018218586,-0.0535765753161856,0.0482666202257184,-0.0010585084144549735,0.012674666969614919,-0.0775194090692053,0.081181158143202,0.0043440717661164295,0.03333215803721605,488.12048744641703,1590.2186369889498,1082.1238433220985,364.3633135839835,0.0005774803077447,1.2517203777275,0.5840174022194308,0.21408880162020694,3a65ce927c846adf1f5ceb3b7987a28b7f00b1a0885ec8b74bd1461d1addd748,test
20190805-110608.csv,7cce9403fbb62a3f81a542b9a30b7e9a78df78438c1a1ded1fe3a68c3753273c,3601,True,0,0.0,3600.0,1.0,1.0,1.0,0,0,0,3542,2.56864093472287,8.83405996736237,6.144147957030375,1.687970329851085,-1.35741470217656,0.753357480001999,-0.04820151139988457,0.45484702265095034,-0.0183582289421109,0.0127754737506941,1.250336990886798e-05,0.0022772940682837073,-0.0388193102940307,0.0500526329128657,0.0027578097606726806,0.015126679117082431,-0.0900437601506723,0.110076783248578,0.005410294528618173,0.037227237066676085,429.693892793768,1590.2186369889498,1133.7689550418654,310.17177233175096,0.143577011439703,1.4573520916143798,0.8614761810992185,0.2067135314063104,e0cc0609b78ecbd8aea296d0c53b7f6369c47f84acf82d05d16aa41e3982d6a8,test
20190805-112459.csv,d7709e4cc5166be3d0b69e0a88c7e0d4924af8d03fce8e6921c5283e3250d12b,3601,True,0,0.0,3600.0,1.0,1.0,1.0,0,0,0,3542,2.55523024370431,8.63894969687119,5.60684049691228,1.5348387097717533,-1.3873656696986398,0.672516565474238,-0.11345488869328077,0.45586061883230133,-0.0493533398970173,0.0620221392290844,-2.5135945269938647e-05,0.008408503323479768,-0.0316593048580718,0.0538707411097762,0.004734543218585651,0.014077923473364963,-0.120521121173949,0.0983388857966694,-0.0023636631149228276,0.04059328093232142,445.79243861657005,1597.06332703001,1043.1704480008,293.9281752127348,1.65109678708639,3.1210128954012104,2.359779140120922,0.19485704546759472,eac6615e4380e04e8372d956b0703359bceb845ac5ec19d3e5e89a276bcc18a5,test
20220329-090112.csv,1c488cfe2997e94fa996d47d4a7093def775be3f2409abc728c0a5d32f078d1e,3601,True,0,0.0,3600.0,1.0,1.0,1.0,0,0,0,3542,5.45155552670563,13.4393662509021,8.477364243680826,1.2737958522254162,-2.15883367316377,2.16675470922163,-0.0828198838855228,0.6654297198674549,-0.0684826553186274,0.0518265481284283,1.0775872847925567e-05,0.007002624985167546,-0.0651789748310764,0.0602784670276397,0.000501727138126423,0.02472620800661015,-0.206392653180855,0.166372262018173,-0.015459404550760268,0.05640286743403756,989.715491387774,2232.75837639492,1568.1131300267045,236.37288136362724,-0.5403419302530371,1.9335623806353,0.7533602623937856,0.37352353739776145,19b0486734bb896d2879cec567b903e2ca2dcc411996661c27a2012ecb2c46c2,ood_test
20220329-090236.csv,412ca55827d51231b7bf1d8484bf185a3054f8e6bd53800bb808f1824615a003,3601,True,0,0.0,3600.0,1.0,1.0,1.0,0,0,0,3542,4.980752257633481,11.7805364455726,8.599272944469458,1.121510669448149,-2.2318811342397997,2.25332232673179,0.031563109963007735,0.7096872463166848,-0.0357383700024617,0.0335709214096176,-3.688350737281741e-05,0.008199506269208642,-0.0630911634024692,0.0653897616491166,-0.0035920900642130546,0.025858682184402317,-0.1943198452471639,0.184535244980095,-0.007347807722849668,0.06717734200514942,1076.68115141959,2027.6135589911496,1599.258227045119,212.02345884979596,0.8485728220533449,3.40951883495668,2.1958590002086398,0.36702508678203544,8d70ad4e50982a8bc47e75a6f71c6b48166f3768dbb509a99d3ccb5ac9d11291,ood_test
20220329-090414.csv,b8a55cc7b9b98fe6e0279950e51e723da8ca915da7215873ff3b62c152994984,3601,True,0,0.0,3600.0,1.0,1.0,1.0,0,0,0,3542,5.69389574803053,12.6120370527109,8.646904902889867,1.2065570043543954,-1.89506231657089,2.1463877090133403,0.14447295869523247,0.6565883163788163,-0.0343458691287018,0.0372237373390327,-2.0104569906657235e-06,0.006962568315630265,-0.0648264803373395,0.0663947474035641,-0.0033635111177374374,0.025177217243484692,-0.12527578938022,0.210365722687549,0.018800892481954812,0.060187144350389424,1119.80798492673,2204.15807964457,1602.3354398065933,216.52775219007745,-0.5555338357015961,2.1690025471488403,0.7812173200614569,0.37250392552585604,d3095de8c64f0fa7d577b65242776bbd811d8acfcb6987275659591f93806e78,ood_test
20220329-090554.csv,be0a831a88fec8bf9bbc6d1183b74c5067eebab91788743149818a29d6dc3f7b,3601,True,0,0.0,3600.0,1.0,1.0,1.0,0,0,0,3542,4.39472580082078,12.0021631680474,8.479836627824852,1.4788351830579003,-2.40634907587218,2.34654981528642,-0.013163704020971426,0.7496935261194335,-0.0543050995086384,0.0491391475495557,-3.3206068236045985e-05,0.010372344392836332,-0.0646172645320355,0.0680036695590062,0.003609582917312539,0.027017760961325025,-0.2048572706093299,0.191583023407921,0.014098338437164482,0.07062834146030167,852.3044437447,2038.0177332853696,1585.0334992009214,256.302084034159,2.20440606950521,5.0229154887121705,3.6346479230504007,0.38394544327563523,9b4541caeca202d557cb5c14f0d1b438aa95e448e9c0563672ede5ca3276c204,ood_test
20220329-090732.csv,0c694403f8001abe5362f9358ca7bc1363a748e9d9fa4d3707274cf54a5caae9,3601,True,0,0.0,3600.0,1.0,1.0,1.0,0,0,0,3542,5.403310991015591,11.789521456754802,8.772212683128627,1.3031578982734107,-2.14492762593075,2.2253247518820096,0.1777391491006065,0.7329019793831565,-0.0491188398251575,0.0564919742188895,3.561442178458201e-06,0.008557774662368409,-0.0672399354230101,0.0660210017211702,-0.004645623037173871,0.02667201028698687,-0.2270876291212089,0.1705168836361379,0.013669561467147137,0.06592768539817713,1058.36219164597,2036.53904425243,1637.3756976647053,233.27954103026627,0.8675859211433059,3.996195640474339,2.3809086250372555,0.3856270675945014,508c1b277747978a47a0bdcb50bd9fdae4837025f5bec394b7bc70877b6553c8,ood_test
20220329-090914.csv,1135f8134ba7c355ec2d4d4bd4d07f2a78428662939401c2098e9092555e885e,3601,True,0,0.0,3600.0,1.0,1.0,1.0,0,0,0,3542,5.216862580263441,11.690090863268098,8.860351001190837,1.1771547002004186,-2.37602567075355,2.13399696306114,0.08372201588122796,0.7308340955909092,-0.0356701410947538,0.0334776841519672,-5.084751200136684e-06,0.007598970400560959,-0.0624933637904611,0.0604501129324583,-0.0005279118619546076,0.02653082907151079,-0.176022075367572,0.224112334126888,0.012765991917349678,0.06365384769339551,1078.87091792552,2032.033900326,1652.552046775568,217.01270053064283,-0.107218066941059,2.51874408418118,1.3793860814838224,0.37535398017573135,9ecfd65efa7b172cb06aae40dabc6e5b571053b90609348f95b43e87ca60efb2,ood_test
20220329-091055.csv,5a457a9343ad1ef3d86da64f23f4fd962bc22c5db6bc7312998910c67b5db9fa,3601,True,0,0.0,3600.0,1.0,1.0,1.0,0,0,0,3542,5.309253244366849,11.467104273066402,8.547057205297675,1.2188083104524892,-2.5223767404874797,2.08206237905847,-0.06950918833201254,0.6835917957211783,-0.0367756471720378,0.0328045657249669,-2.449530264462202e-05,0.006695420089391993,-0.0611804331469405,0.0649412222467418,0.0020613528302728832,0.024427748847059307,-0.230477309016617,0.116584529325915,-0.010515575148370928,0.054354092727987795,1036.19284138388,2036.4186961339103,1585.2700021468142,223.74379856326036,-0.69740334409959,1.73686985290963,0.5495208475773902,0.3706739043973703,9c3f07e39431c1456be10c3c3d73b4e722d7e884aff87bd635bc4a5a24910ff0,ood_test
20220329-091239.csv,d3276390a496527546678ddbd895b069051d94f59e6e86a6269a152f3ec68870,3601,True,0,0.0,3600.0,1.0,1.0,1.0,0,0,0,3542,5.376400691196211,11.6099357385011,8.477425840498416,1.2972286036515144,-2.09359900197598,2.42028354396117,-0.04438166726480603,0.7172843132749622,-0.0343153200140135,0.0479971226005125,-2.672047009732491e-05,0.007203614631818806,-0.0648371352918393,0.0655724474166223,-0.0004798014812036798,0.0270164221577411,-0.179301031049941,0.228434537089018,-0.006283882980758531,0.06358309174529198,993.597750086245,2027.0585594631,1574.9243542015079,249.24831557963856,-0.15491214431615,2.4796625716675003,1.0697122484464099,0.3805807658932556,a8419beb387ff8b5c01c15a769d412ab420246a198c169112fc94c7670a39597,ood_test
20220329-091423.csv,02770017ed335d8adfd5d6b5822b4ed5ce4ef1b09d9d2e64325725cbf52a069a,3601,True,0,0.0,3600.0,1.0,1.0,1.0,0,0,0,3542,5.4628884530153705,11.993585835852402,8.878098194383142,1.2572170029524479,-2.3596894202632797,2.15081342084477,-0.171043373057736,0.7062729756532028,-0.038276031377882,0.0447843674267788,6.29042410744934e-06,0.008175349863596342,-0.0704915094023998,0.0676553665114805,0.002149171041924874,0.027951930020370334,-0.212633983691113,0.191590438984172,-0.02546061708402559,0.05872492632372121,1026.1262144026,2168.64697741055,1653.7242261725657,228.83451578012662,0.126780589572801,2.8533971317977,1.426826945643848,0.38028368140896585,db5df8ecef518fa3beba87c453b36624e066bc9d56d645a9e0ca7e019ea6764f,ood_test
20220329-091610.csv,b39a0ee1eb0e1397fe71a19d9e0f242ff9055b7acca672cd8b9d7aef409cd053,3601,True,0,0.0,3600.0,1.0,1.0,1.0,0,0,0,3542,3.99025126691349,11.655239232222,8.484549714193038,1.3285622374599275,-2.44864457038941,1.88014085913652,0.0065050345554409136,0.6874137962129175,-0.0363244059976586,0.0323652246748936,-1.955974684763799e-05,0.007460355575442932,-0.0606662818833832,0.0625802133262267,-0.0015291102062781432,0.024851246334932894,-0.175479070463938,0.138957458417762,-0.00703550046899003,0.05902694855356776,820.22198121588,2032.8342618762,1574.4436361470825,236.87141918254292,0.189821104962458,2.51838115514499,1.4230499637753578,0.3622371839481063,d2645702248bb03e97559812e95014418f385f3903819cb90fe87f72373fd369,ood_test
20220329-091752.csv,702eed698bc390419b9ef5d9b7f1d7dfbff896bce5be6b470d6859d8b648103e,3601,True,0,0.0,3600.0,1.0,1.0,1.0,0,0,0,3542,4.26655997135866,11.549163017832502,8.388678712941138,1.2745718980695484,-2.28160242208854,2.29690399303883,-0.0781299296914929,0.7288948480124899,-0.040616326688417,0.0441836370695785,2.7265930165496553e-06,0.008211807463021314,-0.0617196822182451,0.0700914176764505,-0.0015642707056916128,0.026823137149000937,-0.192956738794471,0.202686857063336,-0.01795489839121158,0.0612134559361177,878.656952709937,2044.02761024977,1565.4739580593102,247.3415965469539,0.219402588248247,2.93136877965461,1.6161054061862612,0.3804283866343858,de3319897fe87286b44072d505b7b71706bdd578fbef08b02dc670c065f452db,ood_test
20220329-091933.csv,301c16d1de42938ecbe807ae3a0810087f9f43535eaaa0086b2e96d6a9e534e1,3601,True,0,0.0,3600.0,1.0,1.0,1.0,0,0,0,3542,6.07196464390391,11.0940081280491,8.327050106646233,1.1773794783662437,-1.5781938685716,1.46194711224954,-0.042665741332000885,0.5857227413927587,-0.0288416638093792,0.036103980027116,1.8881994162119668e-06,0.007422776876875952,-0.0656958985400612,0.0580350934881625,0.00294309672568765,0.02274225902070809,-0.163997858137863,0.147002912184583,0.0024294707706895863,0.05920044553178606,1079.89663934694,1999.99999945746,1541.5752746287983,232.28565568361742,1.08473459038826,2.46844321951772,1.7377213569107945,0.2007368602742405,8241e07c6a0a3ca999265b109705b9e1d8bc66c0ea2e916d9bda1ac27eb236d1,ood_test
20220329-092116.csv,dcd594e1c023fa3a3182d6a76fa1dd5d1f001d20c8af1a76c74b7af0e0caf9dd,3601,True,0,0.0,3600.0,1.0,1.0,1.0,0,0,0,3542,5.82028185368927,10.9508326418355,8.303728901229107,1.2260882459825226,-1.7205501346954,1.35602925136411,-0.022668808580277543,0.713775667280625,-0.0583025953578781,0.0517233965024932,-1.4322159166838815e-05,0.009897270985822696,-0.0638859802400572,0.0672305291124079,-0.00015982700503040166,0.027761934407886855,-0.194506523103558,0.212835598125348,-0.0049206030109750784,0.0646327955557717,993.727822813832,1999.99999998496,1569.132105740094,230.3759741336009,2.03679218351972,3.3823160366866296,2.68710045338516,0.18229306320384556,bd1fef4ddb83d082a3cbd11d86528d2c41f7df48519f3367d860139415c8f175,ood_test
20220329-092301.csv,eb734924e7ac6bdd1a2f8926c6cf2ba6f90b41fad5a8c608f6a5f073552049b8,3601,True,0,0.0,3600.0,1.0,1.0,1.0,0,0,0,3542,5.785275696543809,11.0406754056392,8.332464251447563,1.186227837457993,-1.83319778037432,1.75034862976175,0.10428551036898817,0.7103661614945171,-0.0553654632044596,0.0648284211293519,-3.4544825720306644e-05,0.010698219309199944,-0.0660833891575749,0.069345726249369,-0.0040478895617325535,0.027651040805733423,-0.205552022407965,0.2017983300019069,0.0006125822874708188,0.07074392113194398,1030.98907378405,1999.9992213423104,1562.4618544485652,225.60825766618467,3.23620437558585,4.55941638446479,3.881233391208092,0.21730910536731704,b1127fef51d9b46c93e69c2a26610b13d94af2eb611028c6d5c29f5cd4b4f117,ood_test
20220329-092450.csv,47f288cf0e23f7060c54184545ac7fee02513e84dc64e29a720235cf0febbb22,3601,True,0,0.0,3600.0,1.0,1.0,1.0,0,0,0,3542,5.295369302287731,11.8119163971209,8.132361632154067,1.2646731531248314,-2.19746188968989,2.22746925295412,0.13338793358206028,0.6613045202284706,-0.0324442137006463,0.0330278951826025,-1.7579899739648456e-05,0.006659061322215905,-0.0629404686695944,0.0649558971581996,-0.004532708156553144,0.025634814263160124,-0.1602017126180759,0.189792495138929,0.01247292672525455,0.05213968727442969,995.280826085191,2033.76474988925,1518.334757858713,238.93103827884244,-0.492484642053747,2.1377984708766,0.8104720982620142,0.3902662309889126,5f2c9e6925e3440d495c1d49a3a67d05338dfc368ec7de5e976d3a85367f657d,ood_test
20220329-092635.csv,87b56c3c25ad6b0e8f670c0823b11ec0c640cc7f1c580422e7461bc976e28daa,3601,True,0,0.0,3600.0,1.0,1.0,1.0,0,0,0,3542,5.0340765734011,11.7590191155858,8.19662661140333,1.3709925914130459,-1.95734676725322,1.86938150928099,-0.11123848992764643,0.6523093382791934,-0.0498610556565197,0.0547918045285015,3.9603769587424197e-07,0.006950322491878867,-0.0614120447228703,0.0623198891813159,0.0015766175995953575,0.025372081924834276,-0.1879320026470489,0.18474992150899,-0.014553194607937687,0.0558601041959828,956.494759687935,2025.28102048251,1517.4298200482096,261.4335535962152,-0.4218960350676239,2.36416184342979,1.04843497383173,0.37791591478756875,3be45b4fac85b685378f54d4fd3ebc9cd67e42a0b6bc558043d084938088f4f0,ood_test
20220329-092824.csv,26b6799a565a42146f1ef6e864a48bc3d5602e2f167985dc518cdc5fd9cad264,3601,True,0,0.0,3600.0,1.0,1.0,1.0,0,0,0,3542,5.14419953582196,11.8118580293545,8.48294375163931,1.3032845271962974,-1.9590893425369,2.0465335468701,0.08014709785872305,0.6471826004742913,-0.0432472749402396,0.0511837190671521,-2.2948251022437374e-06,0.007542689188581526,-0.0601059474757732,0.0633169889382847,-0.005360679457888591,0.02242063153092073,-0.1973154839884769,0.156350954004254,-0.0031102579149018695,0.06032679014122745,966.361455901765,2038.331925682,1569.098277745784,239.22245839834255,0.6589240387169549,3.03528388592227,1.8749005001393584,0.37833486631166485,492b9a734888027eee5df0525965e05fb2fac534097d3d5f405be315946965e7,ood_test
20220329-093009.csv,73b493fd754429ce461f838240e42864683f705211d8f4152a9411579bff03bf,3601,True,0,0.0,3600.0,1.0,1.0,1.0,0,0,0,3542,5.714903092213321,10.9570078585678,8.369489229934565,1.3089369095663488,-1.6286149451269498,1.82963132400639,0.04249898164075002,0.5847601203046541,-0.0359321819150218,0.0338372506311346,8.582348238531366e-06,0.006963602249582051,-0.0695103414956681,0.060700417173957,-1.0653096317214884e-05,0.024739918638776233,-0.204307320940555,0.163848957100387,0.01008932791462117,0.05798881991621774,983.824405994455,1999.9999999287304,1549.3624587622523,251.5841877820655,0.259720208274615,1.56874522911758,0.9511450150978277,0.2105036601495093,07b9306f7eac045227516fbb011c0c78991ead7333309b8c6b51fccd2c6c3fa9,ood_test
20220329-093159.csv,05646eef09addecea46d97a7dae3f13eb949f94c42ac5d7b0ea3cfa8a455b519,3601,True,0,0.0,3600.0,1.0,1.0,1.0,0,0,0,3542,5.55812057422366,12.4030348252612,8.80402956488271,1.2379556194308203,-2.2118647211982,2.21012885876094,-0.025696812031690424,0.7199363885610451,-0.0491691895274258,0.0323337769457758,2.079297348113759e-05,0.007812060931310416,-0.0690036521470922,0.0583826252567359,-0.000800230238924438,0.026032306885285014,-0.158898946856387,0.19929273413954,-0.00848547935615147,0.06411334571216809,984.439223330363,2135.20271705311,1632.894359360875,230.40193485355235,0.345508385656721,2.9523668308231605,1.5862425395915527,0.3775786418272443,72c2b1cf2d7bfd7bfd933e821d33f4d9563190c013aed33a7218e047c657b796,ood_test
20220329-093352.csv,cdff9a7211c28968998b172e905fcd4b59cf8eaa278a0302af5c3733be080b35,3601,True,0,0.0,3600.0,1.0,1.0,1.0,0,0,0,3542,6.15008496847172,11.036926051359,8.673657825930956,1.0794310245821614,-1.48775685023768,1.3384158636416,-0.07135642842152944,0.6145594616593981,-0.0460695512700291,0.0578115860981927,-1.4919339721323918e-05,0.007308995992057801,-0.0609209695613641,0.0642467806010283,-0.0006954498701140857,0.025219705502171376,-0.1799756088864849,0.168392112373964,-0.015792659029391136,0.061743702101203266,1065.74365963825,1999.99999500042,1609.637778981959,203.4139708361737,0.822126526051532,2.02062115817794,1.420378548455881,0.19631180071708695,60df8ced2673b5e538a60061a7fa3254f62640e98485d148d70861cbdb7e1231,ood_test
20220329-093539.csv,a344431388841b98309e3dd3e5df969a3be1e01b2d1f56b2c2d87a548dc24554,3601,True,0,0.0,3600.0,1.0,1.0,1.0,0,0,0,3542,5.680167184123981,11.0739492097473,8.197607167039425,1.338226144526607,-1.90044626972535,1.6030048570294195,0.15758227918817236,0.6440453847353639,-0.0318437233090433,0.0345864534774598,1.9189151400458822e-05,0.008101190255925502,-0.066428483169087,0.06296175775882,-0.0020701200039314445,0.026837689356581238,-0.185439883627378,0.233581728812876,0.020407033326307486,0.05862725440816351,964.0381369700012,1999.9999999902,1531.3537646912114,259.39999828462214,1.67490328161199,3.04133523130585,2.4241749450302255,0.2106283636951468,06db784892d7ccd0fe750e403fe3993ea46586a103b7400ee22855b3be30bc66,ood_test
20220329-093730.csv,64d23c1d3737e53632df1db5e9a1404b19a328732c8f9c1c0a76b46610fd77df,3601,True,0,0.0,3600.0,1.0,1.0,1.0,0,0,0,3542,5.36473195019936,11.141187620716698,8.685314135857034,1.2791517586136278,-1.3842622681364798,1.73308780081699,-0.0509326533959966,0.6458158902190172,-0.045925031682353,0.0345044101738335,2.759018555224298e-06,0.008424939057665719,-0.0649147761929517,0.0597013423234015,0.0013852417402563445,0.02615623118980241,-0.226920374142025,0.156348638671614,-0.0061262579872582035,0.0672282663226184,1002.46909374743,1999.99999936167,1619.934143112606,231.80865440245458,2.0768129348174,3.3727475273918097,2.7306507783969454,0.201241778135323,ab3814536921c4a3aa58dc919c158274029e10be64fc728d9403d8dcee70205e,ood_test
20220329-093922.csv,32af4a332f0a29301c067ad7414ce471b454a5ac9456033c033572a4b2f32110,3601,True,0,0.0,3600.0,1.0,1.0,1.0,0,0,0,3542,3.45031212411965,11.5854455380297,8.195636991608259,1.3646223658033216,-1.98795246461002,1.76577194512905,-0.013329493895790205,0.7091833181470177,-0.0475380459836807,0.052892684006134,2.0139656645315726e-05,0.00812403573449872,-0.05684341671262,0.0625898650334409,-0.002069643888309519,0.02514243943224821,-0.1910957456679599,0.1544949247656269,-0.010783307558914157,0.06401386926846568,748.5773011823931,2030.8106199802,1531.4556088533259,248.10888373875295,1.2408407929306102,3.69170723966905,2.5150478142225605,0.37068873310190853,04e62b91e7d65a6b3bd630d26633c93c84a8c0a1dd992400b5d33203dd804624,ood_test
20220329-094123.csv,0c7736f8161e2444c2ccc6e732c907679013cbf72c497c483a917c58d67b992a,3601,True,0,0.0,3600.0,1.0,1.0,1.0,0,0,0,3542,6.122646958227691,11.151866594588402,8.716252441053651,1.204963004099562,-1.62714141243124,1.7190768810933998,0.1634558722776788,0.6860175846097858,-0.0387768396659128,0.0323082642866356,-1.3494708487770575e-05,0.008039741104452689,-0.0633884973156991,0.063855823979641,-0.002007901395720633,0.02894750227643954,-0.175418773486505,0.190584582702591,0.024757632995851955,0.05660525634169343,1083.8051018656802,1999.9999999902,1632.9713357575747,228.7299307543769,0.657545939458926,2.256608723266,1.414869531211649,0.21041182128762406,70da8ef9d63a4afdb9e58318aac83efd1c360be4f6ffec3167792535343d710b,ood_test
20220329-094316.csv,a19a7eb281bac32bc0ce19c07cc9e079f1fe01032d756f0d4b76e60a3368cfa8,3601,True,0,0.0,3600.0,1.0,1.0,1.0,0,0,0,3542,6.113683540682301,11.1757279048683,8.631572929922628,1.1329664084997166,-1.55064039257833,1.53409175120694,-0.04042786071274357,0.6480737924803823,-0.04064428044626,0.0291968614463976,-3.9218496040061395e-06,0.007388756210904584,-0.0583934070045401,0.0645967924480503,0.0006175411623937386,0.026783204084663947,-0.181769985456501,0.182712833858135,-0.009517746899261138,0.06365266098931878,1082.46995504866,1999.9999998996695,1606.3661198092952,214.88082003338377,0.6443818320945439,2.0908628318979696,1.331072515831323,0.20650252232892835,a07ae6fa53e794bfe0491767bc5f5984bee636babc460ac6163cc7a2fcefb5b3,ood_test
20220329-094519.csv,e5fcae258c7de0fc0243209f4bc44babade4920ccfeaaf9099d1361dda6c916f,3601,True,0,0.0,3600.0,1.0,1.0,1.0,0,0,0,3542,5.8928042553558395,11.0941102583431,8.708895484743078,1.162018207659805,-1.3009658783816,1.4337865598290402,0.06105546282476654,0.6307920026017753,-0.03904510305393,0.0428165066372567,5.1826871906900674e-06,0.008263113185886023,-0.0658634260595536,0.0671745795349816,0.0009434410696368663,0.025625406474003003,-0.1901812308840739,0.1837582261859439,0.01809746231895739,0.06691981168116534,1002.18048526054,1999.99999999025,1617.8214943712971,219.69784548923906,1.56419627604194,3.00487527412699,2.3158672198927563,0.2159413402594785,9a7cc31bbde2e2a54a8e90fee21ff080e2741f9269eb1ff0ef4a91f802bc2ee4,ood_test
20220329-094715.csv,0ff4ef392e2d6d8e7f3fe0ff8e83a027bf165ad410cbd721c4f7b16b276bae85,3601,True,0,0.0,3600.0,1.0,1.0,1.0,0,0,0,3542,4.89285713075021,12.1962518041501,8.237796368886281,1.2794336680183682,-2.09035555290842,2.17800734100842,-0.09060129132880336,0.6568748006997764,-0.0450071214609311,0.0339457687609578,-9.317429143489566e-06,0.007386943639724468,-0.0623383906493544,0.0658686781749285,0.00011347539352184955,0.02453745472650598,-0.1797923068198989,0.1438046653754719,-0.014934858293797643,0.05765439617581549,945.066903237818,2029.0964200903195,1531.602168057956,236.1671683463021,0.2324965270063839,2.98241875575567,1.6924517464968774,0.3728215969380295,f3d139c3ff98e4066c0258a446d018a47b07108c2eb4b33fad1f06e61d0c5b5f,ood_test
20220329-094919.csv,2e368b7b495b2a516bcd10f0e62266d4b676e70afb9cce65f0be9712e284176d,3601,True,0,0.0,3600.0,1.0,1.0,1.0,0,0,0,3542,5.4569942844415795,10.8421377251152,8.584015264833415,1.2100762322246201,-1.4434183367556102,1.52990336834608,0.07451768796090608,0.620356139353533,-0.04448258901478,0.0507755577263108,-1.7396942751116096e-05,0.009087105103135101,-0.0568486291589896,0.0664402922064125,-0.004507029812605793,0.02485361033195808,-0.166829314921554,0.180572696898795,0.00047328313487121317,0.06523382258743236,992.204025935818,1999.99999569721,1600.238016214736,233.04007660911432,2.49662782454471,3.87355074901386,3.178955562896491,0.2050111171584503,2610ba5ddd298474d11483ce08037f1f2641e6ae309a23187ce263ceb7bf0aa9,ood_test
20220329-095122.csv,5b48f4db02eb5095c80e027e2efbc9d3c89b68635f0de32c91f31544fd6b40e2,3601,True,0,0.0,3600.0,1.0,1.0,1.0,0,0,0,3542,5.56047951692197,11.1049232527159,8.281810736714988,1.237487580861243,-1.66892636498741,1.95669162082068,0.06962904287927076,0.5968026538754869,-0.0273361884330087,0.0311135243353602,-1.81623782580577e-06,0.007149087591351254,-0.0698188705144488,0.0657209036678535,0.0010411061294999789,0.02440305236710068,-0.189184172309953,0.205758709572986,0.017775378986119823,0.056773948345432965,1051.56226680728,1999.9999999881195,1533.2743734787882,239.9185483484293,0.8972361493047639,2.1202827120746397,1.6041029516454537,0.1915380488244312,88372fab14c038d5ea377ad7580c2dff6eff9dd450212a213ddeeaecadfbe7c5,ood_test
