split,method_a,method_b,statistic,difference [95% CI],share_draws_positive,n_recordings
ID test,ensemble_lstm,conformal_lstm,coverage,"0.00604 [-0.0051, 0.0205]",0.82,30
ID test,ensemble_lstm,conformal_lstm,rmse_norm_mean,"-0.0136 [-0.0147, -0.0125]",0.0,30
ID test,ensemble_lstm,conformal_lstm,width_norm_mean,"0.192 [0.0848, 0.317]",1.0,30
ID test,ensemble_lstm,conformal_lstm,iscore_norm_mean,"0.0311 [-0.0319, 0.0813]",0.8525,30
ID test,ensemble_mlp,conformal_mlp,coverage,"0.00584 [-0.00425, 0.0188]",0.845,30
ID test,ensemble_mlp,conformal_mlp,rmse_norm_mean,"-0.0112 [-0.012, -0.0105]",0.0,30
ID test,ensemble_mlp,conformal_mlp,width_norm_mean,"0.166 [0.0974, 0.249]",1.0,30
ID test,ensemble_mlp,conformal_mlp,iscore_norm_mean,"0.03 [-0.0439, 0.0853]",0.819,30
ID test,mcd_lstm,conformal_lstm,coverage,"0.00709 [-0.000188, 0.0164]",0.9705,30
ID test,mcd_lstm,conformal_lstm,rmse_norm_mean,"0.000581 [-0.00134, 0.00239]",0.7135,30
ID test,mcd_lstm,conformal_lstm,width_norm_mean,"0.0393 [-0.0102, 0.0984]",0.9315,30
ID test,mcd_lstm,conformal_lstm,iscore_norm_mean,"-0.0556 [-0.118, -0.00908]",0.008,30
ID test,mcd_mlp,conformal_mlp,coverage,"0.00346 [-0.00523, 0.014]",0.7475,30
ID test,mcd_mlp,conformal_mlp,rmse_norm_mean,"0.000546 [-0.00057, 0.00158]",0.822,30
ID test,mcd_mlp,conformal_mlp,width_norm_mean,"0.0316 [-0.0311, 0.103]",0.8245,30
ID test,mcd_mlp,conformal_mlp,iscore_norm_mean,"-0.0892 [-0.166, -0.0318]",0.0005,30
ID test,gaussian_lstm,conformal_lstm,coverage,"-0.000609 [-0.0148, 0.0155]",0.439,30
ID test,gaussian_lstm,conformal_lstm,rmse_norm_mean,"0.0107 [0.00434, 0.0164]",0.9995,30
ID test,gaussian_lstm,conformal_lstm,width_norm_mean,"-0.0776 [-0.179, 0.0363]",0.087,30
ID test,gaussian_lstm,conformal_lstm,iscore_norm_mean,"-0.242 [-0.342, -0.166]",0.0,30
ID test,gaussian_mlp,conformal_mlp,coverage,"-0.00186 [-0.0163, 0.014]",0.3845,30
ID test,gaussian_mlp,conformal_mlp,rmse_norm_mean,"-0.00621 [-0.00773, -0.00504]",0.0,30
ID test,gaussian_mlp,conformal_mlp,width_norm_mean,"-0.102 [-0.2, 0.011]",0.035,30
ID test,gaussian_mlp,conformal_mlp,iscore_norm_mean,"-0.279 [-0.382, -0.201]",0.0,30
ID test,conformal_mlp,conformal_lstm,coverage,"0.000206 [-0.00119, 0.00186]",0.582,30
ID test,conformal_mlp,conformal_lstm,rmse_norm_mean,"-0.00339 [-0.00577, -0.00121]",0.0005,30
ID test,conformal_mlp,conformal_lstm,width_norm_mean,"-0.00966 [-0.00966, -0.00966]",0.0,30
ID test,conformal_mlp,conformal_lstm,iscore_norm_mean,"-0.012 [-0.0235, -0.0033]",0.0025,30
ID test,ensemble_mlp,ensemble_lstm,coverage,"4.91e-06 [-0.00123, 0.00131]",0.481,30
ID test,ensemble_mlp,ensemble_lstm,rmse_norm_mean,"-0.00102 [-0.00275, 0.000563]",0.128,30
ID test,ensemble_mlp,ensemble_lstm,width_norm_mean,"-0.0354 [-0.0846, 0.00997]",0.068,30
ID test,ensemble_mlp,ensemble_lstm,iscore_norm_mean,"-0.0132 [-0.0443, 0.0154]",0.197,30
ID test,mcd_mlp,mcd_lstm,coverage,"-0.00342 [-0.00614, -0.000364]",0.016,30
ID test,mcd_mlp,mcd_lstm,rmse_norm_mean,"-0.00342 [-0.00648, -0.000707]",0.003,30
ID test,mcd_mlp,mcd_lstm,width_norm_mean,"-0.0173 [-0.0335, 0.000258]",0.0275,30
ID test,mcd_mlp,mcd_lstm,iscore_norm_mean,"-0.0456 [-0.0692, -0.0277]",0.0,30
ID test,gaussian_mlp,gaussian_lstm,coverage,"-0.00104 [-0.003, 0.000918]",0.151,30
ID test,gaussian_mlp,gaussian_lstm,rmse_norm_mean,"-0.0203 [-0.0275, -0.0132]",0.0,30
ID test,gaussian_mlp,gaussian_lstm,width_norm_mean,"-0.034 [-0.0414, -0.0274]",0.0,30
ID test,gaussian_mlp,gaussian_lstm,iscore_norm_mean,"-0.0488 [-0.0623, -0.0372]",0.0,30
ID test,ensemble_lstm,ensemble_lstm_raw,coverage,"0.338 [0.327, 0.348]",1.0,30
ID test,ensemble_lstm,ensemble_lstm_raw,rmse_norm_mean,"0 [0, 0]",0.0,30
ID test,ensemble_lstm,ensemble_lstm_raw,width_norm_mean,"0.983 [0.89, 1.09]",1.0,30
ID test,ensemble_lstm,ensemble_lstm_raw,iscore_norm_mean,"-0.736 [-0.965, -0.531]",0.0,30
ID test,ensemble_mlp,ensemble_mlp_raw,coverage,"0.324 [0.311, 0.337]",1.0,30
ID test,ensemble_mlp,ensemble_mlp_raw,rmse_norm_mean,"0 [0, 0]",0.0,30
ID test,ensemble_mlp,ensemble_mlp_raw,width_norm_mean,"0.942 [0.885, 1.01]",1.0,30
ID test,ensemble_mlp,ensemble_mlp_raw,iscore_norm_mean,"-0.691 [-0.949, -0.454]",0.0,30
ID test,mcd_lstm,mcd_lstm_raw,coverage,"0.678 [0.673, 0.682]",1.0,30
ID test,mcd_lstm,mcd_lstm_raw,rmse_norm_mean,"0 [0, 0]",0.0,30
ID test,mcd_lstm,mcd_lstm_raw,width_norm_mean,"0.968 [0.922, 1.02]",1.0,30
ID test,mcd_lstm,mcd_lstm_raw,iscore_norm_mean,"-1.62 [-1.96, -1.32]",0.0,30
ID test,mcd_mlp,mcd_mlp_raw,coverage,"0.221 [0.214, 0.229]",1.0,30
ID test,mcd_mlp,mcd_mlp_raw,rmse_norm_mean,"0 [0, 0]",0.0,30
ID test,mcd_mlp,mcd_mlp_raw,width_norm_mean,"0.677 [0.631, 0.731]",1.0,30
ID test,mcd_mlp,mcd_mlp_raw,iscore_norm_mean,"-0.764 [-1, -0.551]",0.0,30
ID test,gaussian_lstm,gaussian_lstm_raw,coverage,"-0.00912 [-0.00998, -0.00827]",0.0,30
ID test,gaussian_lstm,gaussian_lstm_raw,rmse_norm_mean,"0 [0, 0]",0.0,30
ID test,gaussian_lstm,gaussian_lstm_raw,width_norm_mean,"-0.0672 [-0.0732, -0.0619]",0.0,30
ID test,gaussian_lstm,gaussian_lstm_raw,iscore_norm_mean,"-0.0123 [-0.0154, -0.00878]",0.0,30
ID test,gaussian_mlp,gaussian_mlp_raw,coverage,"-0.0053 [-0.00581, -0.00482]",0.0,30
ID test,gaussian_mlp,gaussian_mlp_raw,rmse_norm_mean,"0 [0, 0]",0.0,30
ID test,gaussian_mlp,gaussian_mlp_raw,width_norm_mean,"-0.04 [-0.0442, -0.0362]",0.0,30
ID test,gaussian_mlp,gaussian_mlp_raw,iscore_norm_mean,"-0.00584 [-0.00783, -0.00386]",0.0,30
OOD test (exploratory),ensemble_lstm,conformal_lstm,coverage,"0.247 [0.236, 0.258]",1.0,29
OOD test (exploratory),ensemble_lstm,conformal_lstm,rmse_norm_mean,"-0.0107 [-0.0117, -0.00973]",0.0,29
OOD test (exploratory),ensemble_lstm,conformal_lstm,width_norm_mean,"1.41 [1.34, 1.48]",1.0,29
OOD test (exploratory),ensemble_lstm,conformal_lstm,iscore_norm_mean,"-1.89 [-2.03, -1.75]",0.0,29
OOD test (exploratory),ensemble_mlp,conformal_mlp,coverage,"0.254 [0.244, 0.264]",1.0,29
OOD test (exploratory),ensemble_mlp,conformal_mlp,rmse_norm_mean,"-0.0088 [-0.00946, -0.00818]",0.0,29
OOD test (exploratory),ensemble_mlp,conformal_mlp,width_norm_mean,"1.26 [1.21, 1.3]",1.0,29
OOD test (exploratory),ensemble_mlp,conformal_mlp,iscore_norm_mean,"-2.18 [-2.33, -2.03]",0.0,29
OOD test (exploratory),mcd_lstm,conformal_lstm,coverage,"0.189 [0.181, 0.196]",1.0,29
OOD test (exploratory),mcd_lstm,conformal_lstm,rmse_norm_mean,"0.00947 [0.00835, 0.0106]",1.0,29
OOD test (exploratory),mcd_lstm,conformal_lstm,width_norm_mean,"0.925 [0.884, 0.968]",1.0,29
OOD test (exploratory),mcd_lstm,conformal_lstm,iscore_norm_mean,"-1.77 [-1.88, -1.66]",0.0,29
OOD test (exploratory),mcd_mlp,conformal_mlp,coverage,"0.22 [0.211, 0.231]",1.0,29
OOD test (exploratory),mcd_mlp,conformal_mlp,rmse_norm_mean,"0.00716 [0.00614, 0.00819]",1.0,29
OOD test (exploratory),mcd_mlp,conformal_mlp,width_norm_mean,"0.898 [0.855, 0.943]",1.0,29
OOD test (exploratory),mcd_mlp,conformal_mlp,iscore_norm_mean,"-2.09 [-2.22, -1.96]",0.0,29
OOD test (exploratory),gaussian_lstm,conformal_lstm,coverage,"-0.016 [-0.0287, -0.00201]",0.0115,29
OOD test (exploratory),gaussian_lstm,conformal_lstm,rmse_norm_mean,"0.019 [0.0172, 0.0208]",1.0,29
OOD test (exploratory),gaussian_lstm,conformal_lstm,width_norm_mean,"-0.0128 [-0.0636, 0.0454]",0.3155,29
OOD test (exploratory),gaussian_lstm,conformal_lstm,iscore_norm_mean,"0.22 [0.0991, 0.327]",0.9995,29
OOD test (exploratory),gaussian_mlp,conformal_mlp,coverage,"-0.041 [-0.0547, -0.0263]",0.0,29
OOD test (exploratory),gaussian_mlp,conformal_mlp,rmse_norm_mean,"-0.00611 [-0.00752, -0.00475]",0.0,29
OOD test (exploratory),gaussian_mlp,conformal_mlp,width_norm_mean,"-0.132 [-0.179, -0.0788]",0.0,29
OOD test (exploratory),gaussian_mlp,conformal_mlp,iscore_norm_mean,"0.385 [0.269, 0.489]",1.0,29
OOD test (exploratory),conformal_mlp,conformal_lstm,coverage,"0.00777 [0.00595, 0.00952]",1.0,29
OOD test (exploratory),conformal_mlp,conformal_lstm,rmse_norm_mean,"-0.00717 [-0.00941, -0.00486]",0.0,29
OOD test (exploratory),conformal_mlp,conformal_lstm,width_norm_mean,"-0.00966 [-0.00966, -0.00966]",0.0,29
OOD test (exploratory),conformal_mlp,conformal_lstm,iscore_norm_mean,"-0.0621 [-0.0946, -0.03]",0.0,29
OOD test (exploratory),ensemble_mlp,ensemble_lstm,coverage,"0.0153 [0.013, 0.0175]",1.0,29
OOD test (exploratory),ensemble_mlp,ensemble_lstm,rmse_norm_mean,"-0.00528 [-0.00749, -0.00311]",0.0,29
OOD test (exploratory),ensemble_mlp,ensemble_lstm,width_norm_mean,"-0.161 [-0.194, -0.13]",0.0,29
OOD test (exploratory),ensemble_mlp,ensemble_lstm,iscore_norm_mean,"-0.349 [-0.377, -0.319]",0.0,29
OOD test (exploratory),mcd_mlp,mcd_lstm,coverage,"0.0397 [0.0357, 0.0437]",1.0,29
OOD test (exploratory),mcd_mlp,mcd_lstm,rmse_norm_mean,"-0.00948 [-0.0117, -0.00726]",0.0,29
OOD test (exploratory),mcd_mlp,mcd_lstm,width_norm_mean,"-0.0368 [-0.0434, -0.0303]",0.0,29
OOD test (exploratory),mcd_mlp,mcd_lstm,iscore_norm_mean,"-0.382 [-0.416, -0.348]",0.0,29
OOD test (exploratory),gaussian_mlp,gaussian_lstm,coverage,"-0.0172 [-0.0205, -0.014]",0.0,29
OOD test (exploratory),gaussian_mlp,gaussian_lstm,rmse_norm_mean,"-0.0322 [-0.035, -0.0293]",0.0,29
OOD test (exploratory),gaussian_mlp,gaussian_lstm,width_norm_mean,"-0.129 [-0.135, -0.123]",0.0,29
OOD test (exploratory),gaussian_mlp,gaussian_lstm,iscore_norm_mean,"0.102 [0.0651, 0.14]",1.0,29
OOD test (exploratory),ensemble_lstm,ensemble_lstm_raw,coverage,"0.441 [0.436, 0.445]",1.0,29
OOD test (exploratory),ensemble_lstm,ensemble_lstm_raw,rmse_norm_mean,"0 [0, 0]",0.0,29
OOD test (exploratory),ensemble_lstm,ensemble_lstm_raw,width_norm_mean,"1.95 [1.9, 2.02]",1.0,29
OOD test (exploratory),ensemble_lstm,ensemble_lstm_raw,iscore_norm_mean,"-4.02 [-4.2, -3.84]",0.0,29
OOD test (exploratory),ensemble_mlp,ensemble_mlp_raw,coverage,"0.445 [0.44, 0.451]",1.0,29
OOD test (exploratory),ensemble_mlp,ensemble_mlp_raw,rmse_norm_mean,"0 [0, 0]",0.0,29
OOD test (exploratory),ensemble_mlp,ensemble_mlp_raw,width_norm_mean,"1.81 [1.78, 1.85]",1.0,29
OOD test (exploratory),ensemble_mlp,ensemble_mlp_raw,iscore_norm_mean,"-4.38 [-4.59, -4.19]",0.0,29
OOD test (exploratory),mcd_lstm,mcd_lstm_raw,coverage,"0.582 [0.577, 0.587]",1.0,29
OOD test (exploratory),mcd_lstm,mcd_lstm_raw,rmse_norm_mean,"0 [0, 0]",0.0,29
OOD test (exploratory),mcd_lstm,mcd_lstm_raw,width_norm_mean,"1.79 [1.75, 1.83]",1.0,29
OOD test (exploratory),mcd_lstm,mcd_lstm_raw,iscore_norm_mean,"-6.38 [-6.6, -6.18]",0.0,29
OOD test (exploratory),mcd_mlp,mcd_mlp_raw,coverage,"0.295 [0.293, 0.298]",1.0,29
OOD test (exploratory),mcd_mlp,mcd_mlp_raw,rmse_norm_mean,"0 [0, 0]",0.0,29
OOD test (exploratory),mcd_mlp,mcd_mlp_raw,width_norm_mean,"1.21 [1.18, 1.24]",1.0,29
OOD test (exploratory),mcd_mlp,mcd_mlp_raw,iscore_norm_mean,"-3.54 [-3.69, -3.41]",0.0,29
OOD test (exploratory),gaussian_lstm,gaussian_lstm_raw,coverage,"-0.0174 [-0.0177, -0.0171]",0.0,29
OOD test (exploratory),gaussian_lstm,gaussian_lstm_raw,rmse_norm_mean,"0 [0, 0]",0.0,29
OOD test (exploratory),gaussian_lstm,gaussian_lstm_raw,width_norm_mean,"-0.0694 [-0.0725, -0.0667]",0.0,29
OOD test (exploratory),gaussian_lstm,gaussian_lstm_raw,iscore_norm_mean,"0.286 [0.28, 0.293]",1.0,29
OOD test (exploratory),gaussian_mlp,gaussian_mlp_raw,coverage,"-0.0106 [-0.0107, -0.0104]",0.0,29
OOD test (exploratory),gaussian_mlp,gaussian_mlp_raw,rmse_norm_mean,"0 [0, 0]",0.0,29
OOD test (exploratory),gaussian_mlp,gaussian_mlp_raw,width_norm_mean,"-0.0388 [-0.0407, -0.0371]",0.0,29
OOD test (exploratory),gaussian_mlp,gaussian_mlp_raw,iscore_norm_mean,"0.146 [0.143, 0.149]",1.0,29
