Method,Split,Coverage % (nominal 90) [95% CI],Norm. width [95% CI],Norm. interval score [95% CI],Coverage seed SD (pp),Recordings
Split conformal (LSTM),ID test,"92.8 [90.9, 94.4]","1.01 [1.01, 1.01]","1.59 [1.39, 1.84]",0.1,30
Split conformal (LSTM),OOD test (exploratory),"51.5 [49.8, 53.2]","1.01 [1.01, 1.01]","7.46 [7.17, 7.74]",0.3,29
Split conformal (MLP),ID test,"92.8 [91.0, 94.4]","0.999 [0.999, 0.999]","1.58 [1.38, 1.82]",0.1,30
Split conformal (MLP),OOD test (exploratory),"52.3 [50.6, 54.1]","0.999 [0.999, 0.999]","7.4 [7.12, 7.68]",0.2,29
"Deep ensemble, calibrated (LSTM)",ID test,"93.4 [92.7, 94.2]","1.2 [1.09, 1.33]","1.63 [1.45, 1.83]",0.1,30
"Deep ensemble, calibrated (LSTM)",OOD test (exploratory),"76.2 [75.2, 77.2]","2.42 [2.35, 2.49]","5.57 [5.42, 5.72]",1.3,29
"Deep ensemble, calibrated (MLP)",ID test,"93.4 [92.6, 94.3]","1.17 [1.1, 1.25]","1.61 [1.46, 1.79]",0.2,30
"Deep ensemble, calibrated (MLP)",OOD test (exploratory),"77.7 [76.8, 78.7]","2.26 [2.21, 2.3]","5.22 [5.08, 5.36]",0.9,29
"Deep ensemble, raw (LSTM)",ID test,"59.6 [57.8, 61.4]","0.218 [0.204, 0.235]","2.36 [1.98, 2.79]",1.4,30
"Deep ensemble, raw (LSTM)",OOD test (exploratory),"32.1 [30.7, 33.6]","0.462 [0.452, 0.474]","9.59 [9.27, 9.91]",0.9,29
"Deep ensemble, raw (MLP)",ID test,"61.0 [58.9, 63.2]","0.223 [0.211, 0.238]","2.3 [1.92, 2.74]",1.3,30
"Deep ensemble, raw (MLP)",OOD test (exploratory),"33.2 [31.8, 34.7]","0.446 [0.439, 0.454]","9.6 [9.28, 9.94]",0.4,29
"MC dropout, calibrated (LSTM)",ID test,"93.5 [92.3, 94.7]","1.05 [0.999, 1.11]","1.54 [1.37, 1.73]",0.1,30
"MC dropout, calibrated (LSTM)",OOD test (exploratory),"70.4 [69.2, 71.5]","1.93 [1.89, 1.98]","5.69 [5.51, 5.86]",1.0,29
"MC dropout, calibrated (MLP)",ID test,"93.2 [92.2, 94.1]","1.03 [0.968, 1.1]","1.49 [1.34, 1.67]",0.0,30
"MC dropout, calibrated (MLP)",OOD test (exploratory),"74.3 [73.1, 75.6]","1.9 [1.85, 1.94]","5.31 [5.14, 5.47]",0.6,29
"MC dropout, raw (LSTM)",ID test,"25.7 [24.4, 27.1]","0.0807 [0.0772, 0.085]","3.16 [2.69, 3.69]",1.6,30
"MC dropout, raw (LSTM)",OOD test (exploratory),"12.2 [11.6, 12.8]","0.144 [0.142, 0.147]","12.1 [11.7, 12.5]",0.4,29
"MC dropout, raw (MLP)",ID test,"71.0 [69.3, 72.7]","0.354 [0.337, 0.373]","2.26 [1.89, 2.67]",0.4,30
"MC dropout, raw (MLP)",OOD test (exploratory),"44.8 [43.4, 46.2]","0.689 [0.675, 0.703]","8.85 [8.56, 9.14]",0.3,29
"Gaussian, calibrated (LSTM)",ID test,"92.7 [92.4, 93.1]","0.931 [0.83, 1.05]","1.35 [1.21, 1.52]",0.1,30
"Gaussian, calibrated (LSTM)",OOD test (exploratory),"49.9 [47.9, 51.8]","0.996 [0.945, 1.05]","7.68 [7.41, 7.94]",1.1,29
"Gaussian, calibrated (MLP)",ID test,"92.6 [92.3, 93.0]","0.897 [0.799, 1.01]","1.3 [1.17, 1.45]",0.1,30
"Gaussian, calibrated (MLP)",OOD test (exploratory),"48.2 [46.0, 50.4]","0.867 [0.82, 0.921]","7.78 [7.49, 8.06]",3.2,29
"Gaussian, raw (LSTM)",ID test,"93.7 [93.4, 93.9]","0.999 [0.892, 1.12]","1.36 [1.22, 1.53]",0.6,30
"Gaussian, raw (LSTM)",OOD test (exploratory),"51.7 [49.7, 53.6]","1.07 [1.01, 1.13]","7.39 [7.13, 7.65]",0.4,29
"Gaussian, raw (MLP)",ID test,"93.2 [92.9, 93.5]","0.937 [0.835, 1.05]","1.31 [1.18, 1.46]",0.6,30
"Gaussian, raw (MLP)",OOD test (exploratory),"49.3 [47.0, 51.4]","0.906 [0.857, 0.961]","7.63 [7.35, 7.91]",4.0,29
