backbone,family,construction,split,coverage,cov_seed_range,width_norm,iscore_norm,iscore_seed_range
LSTM,ens,ens: spread-normalised conformal on ens mean,test,0.9340915573959051,0.933-0.935,1.2007242894760435,1.6252560462332248,1.60-1.65
LSTM,ens,ens: abs-residual conformal on ens mean,test,0.9301971474580171,0.929-0.931,0.9655083520250517,1.5491040264591993,1.55-1.55
LSTM,ens,ens: raw mean±z·s (no calibration),test,0.5964642072902943,0.587-0.613,0.21779518557716737,2.361678891418699,2.33-2.41
LSTM,ens,ens: spread-normalised conformal on ens mean,ood_test,0.7620313436355416,0.752-0.777,2.4173317979550593,5.5672428215935925,5.53-5.63
LSTM,ens,ens: abs-residual conformal on ens mean,ood_test,0.5063437761638662,0.505-0.508,0.9655083520247908,7.504788357257663,7.50-7.51
LSTM,ens,ens: raw mean±z·s (no calibration),ood_test,0.32135317622573994,0.313-0.330,0.4623851024979999,9.587091162634959,9.47-9.75
LSTM,mcd,mcd: spread-normalised conformal on mcd mean,test,0.9351388209214296,0.935-0.936,1.0483585891292841,1.538499480841977,1.52-1.56
LSTM,mcd,mcd: abs-residual conformal on mcd mean,test,0.928327812284334,0.927-0.930,1.005509775084162,1.6016886782897461,1.59-1.61
LSTM,mcd,mcd: raw mean±z·s (no calibration),test,0.2573778154212937,0.244-0.275,0.08068148360389597,3.1585224865626227,3.10-3.23
LSTM,mcd,mcd: spread-normalised conformal on mcd mean,ood_test,0.7036466615177259,0.692-0.711,1.933867138562591,5.687558669091089,5.64-5.78
LSTM,mcd,mcd: abs-residual conformal on mcd mean,ood_test,0.5088756703899132,0.506-0.514,1.0055097750841642,7.612509484759669,7.56-7.68
LSTM,mcd,mcd: raw mean±z·s (no calibration),ood_test,0.12157494845650768,0.118-0.125,0.14414171556095792,12.071308491335545,12.03-12.13
LSTM,gauss,gauss: spread-normalised conformal on gauss mean,test,0.9274437124871907,0.926-0.928,0.9314537006781575,1.3517640519930225,1.34-1.36
LSTM,gauss,gauss: abs-residual conformal on gauss mean,test,0.9302465859422381,0.929-0.931,1.0295448054615635,1.6669819662829666,1.65-1.67
LSTM,gauss,gauss: raw mean±z·s (no calibration),test,0.9365624150406759,0.930-0.942,0.9986608004208956,1.364105287836752,1.36-1.36
LSTM,gauss,gauss: spread-normalised conformal on gauss mean,ood_test,0.4991129543453381,0.490-0.512,0.9962960027841303,7.677737538371578,7.36-7.94
LSTM,gauss,gauss: abs-residual conformal on gauss mean,ood_test,0.5076858973110848,0.503-0.512,1.0295448054617475,7.776029723448392,7.76-7.79
LSTM,gauss,gauss: raw mean±z·s (no calibration),ood_test,0.5165166550923672,0.513-0.521,1.0657425415922097,7.391360248417292,7.20-7.58
LSTM,single,single: abs-residual conformal on single member (model_0),test,0.9280524081393646,0.927-0.929,1.0090980149856972,1.5941203806056976,1.58-1.61
LSTM,single,single: abs-residual conformal on single member (model_0),ood_test,0.5151355707427672,0.512-0.517,1.0090980149858917,7.45727624609304,7.36-7.54
MLP,ens,ens: spread-normalised conformal on ens mean,test,0.9340964719660372,0.931-0.936,1.1653406773130535,1.6120786569871075,1.59-1.64
MLP,ens,ens: abs-residual conformal on ens mean,test,0.9307464290942552,0.930-0.932,0.9659575614439132,1.5435419742867333,1.54-1.55
MLP,ens,ens: raw mean±z·s (no calibration),test,0.6102269694878392,0.595-0.620,0.22338049260580659,2.3027837314195017,2.30-2.31
MLP,ens,ens: spread-normalised conformal on ens mean,ood_test,0.7773198249360168,0.772-0.787,2.2563344092507203,5.218701844159577,5.14-5.26
MLP,ens,ens: abs-residual conformal on ens mean,ood_test,0.5156986658186059,0.515-0.517,0.9659575614440081,7.404623777726324,7.39-7.42
MLP,ens,ens: raw mean±z·s (no calibration),ood_test,0.3319909958440693,0.328-0.334,0.44640089244365644,9.602763976052733,9.52-9.66
MLP,mcd,mcd: spread-normalised conformal on mcd mean,test,0.9317146621494449,0.931-0.932,1.0310109650463455,1.4928759201636879,1.49-1.50
MLP,mcd,mcd: abs-residual conformal on mcd mean,test,0.9253507120898425,0.924-0.928,0.9974977199086107,1.5897697250681107,1.58-1.59
MLP,mcd,mcd: raw mean±z·s (no calibration),test,0.7103015036493296,0.706-0.714,0.3535566896097479,2.25724018839235,2.24-2.27
MLP,mcd,mcd: spread-normalised conformal on mcd mean,ood_test,0.7433765584740097,0.738-0.750,1.897077697442575,5.3058898035557585,5.27-5.34
MLP,mcd,mcd: abs-residual conformal on mcd mean,ood_test,0.5076223143839336,0.505-0.510,0.9974977199083623,7.561531050669015,7.50-7.62
MLP,mcd,mcd: raw mean±z·s (no calibration),ood_test,0.44799057181366025,0.445-0.450,0.6888769921884775,8.84780252960384,8.80-8.90
MLP,gauss,gauss: spread-normalised conformal on gauss mean,test,0.9264009452705105,0.925-0.927,0.8974165955674751,1.3029695858842218,1.29-1.31
MLP,gauss,gauss: abs-residual conformal on gauss mean,test,0.930432984085158,0.930-0.931,0.967648402328361,1.5583474952907919,1.55-1.57
MLP,gauss,gauss: raw mean±z·s (no calibration),test,0.9317033272685448,0.927-0.939,0.9373828196712584,1.308809720610388,1.30-1.32
MLP,gauss,gauss: spread-normalised conformal on gauss mean,ood_test,0.481943790009757,0.446-0.507,0.8673643904611815,7.779876236639151,7.57-8.09
MLP,gauss,gauss: abs-residual conformal on gauss mean,ood_test,0.5174160322436184,0.515-0.521,0.9676484023282509,7.4630774502142545,7.39-7.54
MLP,gauss,gauss: raw mean±z·s (no calibration),ood_test,0.4925049163729824,0.452-0.532,0.9061798687835921,7.6338555271662285,7.30-8.05
MLP,single,single: abs-residual conformal on single member (model_0),test,0.9282588619110359,0.927-0.929,0.9994340913063144,1.5820710060156469,1.58-1.59
MLP,single,single: abs-residual conformal on single member (model_0),ood_test,0.5229025530524781,0.521-0.524,0.999434091306147,7.395133531345404,7.33-7.45
