construction,split,level,coverage_mean,coverage_seed_min,coverage_seed_max,cov_u,cov_v,cov_p,cov_r,cov_phi,cov_horizon_min,cov_horizon_max,cov_step1,cov_step30,width_norm,iscore_norm,traj_all,traj_u,traj_v,traj_p,traj_r,traj_phi
"Abs-residual conformal, LSTM",test,0.5,0.6143278750235271,0.6053466340422862,0.6199067068197504,0.6103437062132714,0.9137936298805863,0.5207295522512914,0.5216508773030513,0.5051216094694356,0.5758567036827906,0.6433314511575381,0.6380324989020641,0.5758567036827906,0.2893628563387664,0.683950413639936,0.004024719242110546,0.2625007842399147,0.7643641382771817,0.05954263128176172,0.07473806386849864,0.037768994290733424
"Abs-residual conformal, LSTM",ood_test,0.5,0.20747554794031556,0.20402681775995118,0.21250309909980075,0.16422265057947216,0.2783213371669144,0.2812421711222311,0.13455101453602203,0.1790405662969381,0.1564477501508986,0.2822783413488061,0.2714065045399378,0.1564477501508986,0.2893628563387864,2.398428812978822,0.0,0.0018627050111307984,0.03775709547823491,0.0015576627270780196,0.0012818266191579537,0.0003050422840527788
"Abs-residual conformal, LSTM",test,0.8,0.8556597444423532,0.8520668799799235,0.8589026915113872,0.8777445260053955,0.9742110546458372,0.808876445615576,0.8156617939226635,0.8018049020222934,0.8329506242549721,0.8714913106217455,0.8670299265951441,0.8329506242549721,0.6669244814442483,1.165436698068964,0.16795909404605056,0.6923207227555053,0.9207007967877533,0.35745027918940964,0.4475280757889453,0.32408871321914806
"Abs-residual conformal, LSTM",ood_test,0.8,0.39806503674569643,0.3976361819090455,0.3984745938718952,0.30576713807598366,0.4376579026504064,0.5840757110622178,0.29017482600690997,0.37264960593296426,0.32708645677161413,0.4997248129182162,0.4851054991984527,0.32708645677161413,0.6669244814442289,4.709181804006441,0.00019795297156616494,0.02032749858836815,0.11175581040648506,0.03243183603003693,0.029008223161146696,0.009897648578308249
"Abs-residual conformal, LSTM",test,0.9,0.9280524081393646,0.9274794529142355,0.9290912855260681,0.9414774034339253,0.9850294874207918,0.9043415521676392,0.9072379070205158,0.9021756906539515,0.913396699918439,0.9370481209611645,0.9337185519794216,0.913396699918439,1.0090980149856972,1.5941203806056976,0.39578392621870884,0.8321883430579082,0.9523495827843654,0.5764790764790765,0.6796474057343622,0.5585388041909781
"Abs-residual conformal, LSTM",ood_test,0.9,0.5151355707427672,0.5122389454623337,0.5169408153066324,0.38974019483764605,0.5128546116552114,0.7512074049555308,0.4185145522476857,0.5033610900177616,0.4451001771841352,0.6215431245416253,0.6030666484939348,0.4451001771841352,1.0090980149858917,7.45727624609304,0.0020995995508739135,0.044419348767174856,0.15206033346962883,0.10874757426481564,0.09634792993113833,0.03888315582468506
"Abs-residual conformal, LSTM",test,0.95,0.9633925800447539,0.9625435723696594,0.9640062111801242,0.9698461844114018,0.9903452746931007,0.9531037078863166,0.9514563858042119,0.9522113474287387,0.9552807578894535,0.9686724386724387,0.9669395821569734,0.9552807578894535,1.4002744129316014,2.0811987471437,0.6055430077169207,0.9086423238597151,0.9700138026224984,0.7427065687935253,0.8174854131375872,0.7337254532906706
"Abs-residual conformal, LSTM",ood_test,0.95,0.6099089416330795,0.6060536614809479,0.6121138132232585,0.4645740982322692,0.5713174797882444,0.8631175754114285,0.531805633979547,0.6187299207539086,0.5498296306392259,0.714211725306178,0.6950271617438034,0.5498296306392259,1.4002744129324027,11.532272197451327,0.009358956885193767,0.07597175438254898,0.18581942794836348,0.25133212614471984,0.18695522368685788,0.09761677602757063
"Abs-residual conformal, MLP",test,0.5,0.6158155467720685,0.6078422736683606,0.6201670117322291,0.6302455193759542,0.9164211472907126,0.5198733713951106,0.5062708869230609,0.5062668088755046,0.585327812284334,0.6345818432774953,0.6345818432774953,0.585327812284334,0.28752500743481696,0.6798783088990068,0.0017316017316017316,0.26027040592257983,0.7220434155216764,0.04544199761591066,0.05122341426689253,0.024807076980990023
"Abs-residual conformal, MLP",ood_test,0.5,0.21049611557857437,0.20723988655023137,0.21224537082108297,0.1872288963743237,0.26835305291077405,0.2873238705322663,0.12362163074307002,0.18595312733243766,0.15207526107076333,0.3018406381224972,0.3018406381224972,0.15207526107076333,0.2875250074347892,2.3782496497065506,0.0,0.0008437339771672605,0.025477520979769856,0.0008437339771672605,0.0004478280340349306,0.00010708931248661383
"Abs-residual conformal, MLP",test,0.8,0.8566786707656272,0.8543661459313633,0.8585600100382709,0.8802324487107095,0.9754998222389526,0.8088280318715101,0.8133259091954743,0.8055071418114896,0.8373662086705566,0.8698393876654746,0.8650956772695902,0.8373662086705566,0.6645008135665905,1.1567064477122255,0.1466026726896292,0.6801650040780475,0.9175293305728088,0.3464489616663529,0.41709329318024974,0.30917247004203524
"Abs-residual conformal, MLP",ood_test,0.8,0.4046748919912338,0.4017315368289881,0.4069081692919774,0.3516120727515031,0.42793614015503073,0.5865428757482731,0.27288228180282154,0.38440108949854074,0.3224861595176438,0.5289108692407043,0.5289108692407043,0.3224861595176438,0.6645008135666695,4.662310619047847,0.00012006983521226399,0.0191495161510154,0.09467668763021087,0.03162055335968379,0.01851022540677713,0.008645028135283008
"Abs-residual conformal, MLP",test,0.9,0.9282588619110359,0.9273943785682917,0.9294916243177113,0.9412704686617731,0.985513624861451,0.904016458581676,0.9061860844469539,0.9043076730033252,0.9150153711023276,0.9369759708890144,0.934500909718301,0.9150153711023276,0.9994340913063144,1.5820710060156469,0.3773825208607817,0.8308237656063744,0.9513049752180187,0.5711431080996299,0.653999623564841,0.5504705439488049
"Abs-residual conformal, MLP",ood_test,0.9,0.5229025530524781,0.5207147075812742,0.5243815105434296,0.45042435492210603,0.5046132777766961,0.7500819936352171,0.3939784436785936,0.5154146952497777,0.44044146757789937,0.6523660247798179,0.6523660247798179,0.44044146757789937,0.999434091306147,7.395133531345404,0.0016290556020690952,0.05042933078915088,0.13612349669321186,0.10908182272500112,0.06850146355393733,0.03740662136464235
"Abs-residual conformal, MLP",test,0.95,0.9636493506493506,0.9628689378254596,0.9647215007215008,0.9700321015538407,0.9905715540498149,0.9530771482945396,0.9514493799276408,0.9531165694209172,0.9555248133509003,0.9693606876215571,0.9676573185268836,0.9555248133509003,1.3933790018212207,2.0681012108127814,0.5913325804630153,0.9093857832988267,0.968257105213627,0.7417686178555744,0.8076039902126859,0.7268429637994855
"Abs-residual conformal, MLP",ood_test,0.95,0.6219925967752055,0.6194937596136997,0.6248610110529151,0.5383810259372479,0.5639951669187052,0.8616985879354694,0.5172631216859104,0.6286250813986946,0.5474937855747452,0.7466902912180272,0.7466902912180272,0.5474937855747452,1.3933790018216652,11.36856796392047,0.00848277160121238,0.09312551516449567,0.17120011422860001,0.2501314277925972,0.1598713630197888,0.09435217456206961
"Ensemble-normalised conformal, LSTM",test,0.5,0.6408811301419998,0.6371164439425309,0.6461331953071083,0.7217800154756677,0.9326772905033774,0.5141036660601878,0.5198166969906101,0.5160279816801556,0.5978022460631156,0.6806524876090094,0.6763498337411381,0.5978022460631156,0.3213361786030275,0.6512379096333866,0.0009473618169270342,0.36677018633540376,0.787470983123157,0.02717548152330761,0.07389422172030868,0.0365518539431583
"Ensemble-normalised conformal, LSTM",ood_test,0.5,0.37472002094191,0.36928723949713455,0.37793311136639474,0.2861396141755962,0.4478586464343586,0.4769836943000361,0.25389967353985343,0.40871847625970564,0.3067673955230177,0.4858265672358626,0.46413611376130115,0.30738072522180465,0.6480913581085341,2.2664245402459042,9.735392044237622e-06,0.016410625855903218,0.10334443168026375,0.004400397203995405,0.013623058600569844,0.011688960714447971
"Ensemble-normalised conformal, LSTM",test,0.8,0.8667917267917268,0.8652930547713157,0.8685884936319719,0.9135238513499383,0.9812191270886923,0.8066118744379613,0.8184368530020705,0.8141669280799716,0.8449582784365393,0.8860781730346948,0.8860781730346948,0.8449582784365393,0.7765299707144159,1.1504137599449407,0.07437731350774829,0.7522962544701676,0.9367369345630215,0.21255724951377122,0.4049407114624506,0.2861879666227492
"Ensemble-normalised conformal, LSTM",ood_test,0.8,0.6371061438977481,0.6278313440682256,0.6479235706821914,0.5351692119308312,0.6660194794377703,0.781526769082991,0.49159056835218756,0.7112246906849605,0.5596708139436775,0.7630944268125678,0.7465520486509991,0.5596708139436775,1.5615566249665107,3.9566759665782487,0.0022261596474490025,0.09978127819207279,0.22833063987486776,0.10482096614030646,0.12390557967769363,0.1401474587381634
"Ensemble-normalised conformal, LSTM",test,0.9,0.9340915573959051,0.9332188343057908,0.9350981868373173,0.9584831754396972,0.989226112052199,0.9030168141037707,0.9110527636614593,0.9086789217224,0.9214586862412949,0.9450806198632286,0.9450806198632286,0.9214586862412949,1.2007242894760435,1.6252560462332248,0.22574189095928224,0.8681159420289855,0.9637430202647593,0.41407867494824013,0.6340171905389297,0.5025660330008156
"Ensemble-normalised conformal, LSTM",ood_test,0.9,0.7620313436355416,0.7524167137210616,0.7767819337084705,0.6786234588333538,0.7660108257559534,0.8894230373990494,0.6364876003556663,0.8396117958336848,0.700032451306814,0.8690064058879651,0.8557318743225789,0.700032451306814,2.4173317979550593,5.5672428215935925,0.0178806700545831,0.19952685994665006,0.3048800275187082,0.2874536757595228,0.27858148847654096,0.32562939309565997
"Ensemble-normalised conformal, LSTM",test,0.95,0.966645732689211,0.9662418595896857,0.9672508940335027,0.9794652529435138,0.9932742539264279,0.9512396218917957,0.9546349624610494,0.9546145722232678,0.9589986824769433,0.9735002195871761,0.9735002195871761,0.9589986824769433,1.72489302430354,2.2080124134136856,0.41694271911663217,0.930193236714976,0.9773825208607817,0.6001913545391806,0.792731664470795,0.6750517598343686
"Ensemble-normalised conformal, LSTM",ood_test,0.95,0.8487448483550432,0.8405791260214048,0.862764397022268,0.7869392143754962,0.8359340892324401,0.9449302405074519,0.761073359424184,0.914847338235644,0.8088877639102527,0.9272487133056848,0.917195947480805,0.8092310987363461,3.4823866249572393,7.35367545405844,0.06424385209992406,0.3263595474989778,0.3919306580475996,0.49525886407445624,0.468424878469856,0.5231507622811971
"Ensemble-normalised conformal, MLP",test,0.5,0.6464215028128071,0.6403200326243804,0.649617730095991,0.7326139239182717,0.9376437250350294,0.519546709329318,0.5276403789447268,0.5146627768366899,0.6038521864608821,0.6772570424744337,0.6770261622435535,0.6038521864608821,0.3073572279346504,0.6522272442781524,0.0006085701737875651,0.3394943221030177,0.6873235460191981,0.026930798669929108,0.08009599096555618,0.022388481084133258
"Ensemble-normalised conformal, MLP",ood_test,0.5,0.37282882368339637,0.36100294008839734,0.38527697190365856,0.33912156475874616,0.4562499053503551,0.44940700645348325,0.2531066717723389,0.3662589700820586,0.29932566184440246,0.5089870649091038,0.5089870649091038,0.3030757348598428,0.5978142853672881,2.236746795182309,0.0,0.02161257033820752,0.08324084710891308,0.0032775819882266658,0.014405135094790267,0.0045139767778448435
"Ensemble-normalised conformal, MLP",test,0.8,0.8677986281029759,0.8634187841144363,0.8702833929355669,0.9155050505050505,0.982887885061798,0.8090806616893573,0.8202163456511283,0.8113031976075454,0.8430133634481459,0.8856647217516782,0.8856490369533848,0.8430133634481459,0.7522027143519864,1.1503854418132433,0.07356170399648661,0.7124788255223038,0.9054206662902314,0.2263724198506807,0.3906926406926407,0.239648033126294
"Ensemble-normalised conformal, MLP",ood_test,0.8,0.6465419022090687,0.6390582630762541,0.6593080732361092,0.5960299071243599,0.6988049265410584,0.7700075287031809,0.5077569440388031,0.6601102046379408,0.5736190346385248,0.787828163840158,0.787828163840158,0.5764851340563485,1.455366653803065,3.816212193318646,0.0020574128520155503,0.12104986467805058,0.20601063104811232,0.06831324597441539,0.13099619021658002,0.08418842526788554
"Ensemble-normalised conformal, MLP",test,0.9,0.9340964719660372,0.9313239224543572,0.9355658447832361,0.9573405901666772,0.9903674425413556,0.9049185436141958,0.9112114938201895,0.906644289687768,0.9184653993349645,0.9453811405985318,0.945098814229249,0.9184653993349645,1.1653406773130535,1.6120786569871075,0.2256885626450844,0.8345128301650041,0.947647280255976,0.4173097433966999,0.6080588493631972,0.44946044293870385
"Ensemble-normalised conformal, MLP",ood_test,0.9,0.7773198249360168,0.7718333041271572,0.7874549089091818,0.733391962027644,0.8087736434812897,0.8858894146000592,0.6604455348083534,0.7980985697627377,0.7271013843727486,0.8852424437132083,0.8852424437132083,0.7299583974246643,2.2563344092507203,5.218701844159577,0.014843227736780958,0.2337240470673754,0.289452676259273,0.2062767317639881,0.28785607196401797,0.22553658235817156
"Ensemble-normalised conformal, MLP",test,0.95,0.9669274107534976,0.9650300520735303,0.9680348202522115,0.9778827613610223,0.9942547629504151,0.9526823096388314,0.9560114603592864,0.9538057594579333,0.9582288725766986,0.9737179245874898,0.9733452537800363,0.9582288725766986,1.6805293996077806,2.1705305731133246,0.40380513206600166,0.9023872263002698,0.9673160173160174,0.5927379383901122,0.7731633101198319,0.6301210866428257
"Ensemble-normalised conformal, MLP",ood_test,0.95,0.8682949650715767,0.8642907766895773,0.8751491137548109,0.8346692454638482,0.8819485279005518,0.9447658205529269,0.7933232517940164,0.8867679796465403,0.8393459114598545,0.9368789631158446,0.9368789631158446,0.849784198809686,3.268362503712359,6.5890129323644215,0.05686767006107336,0.37110016420361247,0.3897012532694692,0.40781881786379537,0.4820317114170187,0.4052227133186654
"Dropout-normalised conformal, LSTM",test,0.5,0.6252506012506012,0.6231683919944789,0.6271624945103206,0.6497704791183052,0.9175108225108225,0.5136416964677833,0.5282532362967145,0.5170767718593806,0.5908846226237531,0.654074283204718,0.6493199071459941,0.5908846226237531,0.3130440297400331,0.6754941366790103,0.0017284647719430328,0.2571616789008093,0.7548466026726897,0.049294184076792764,0.07634105025409373,0.03359056402534664
"Dropout-normalised conformal, LSTM",ood_test,0.5,0.33523984760866316,0.3250732425994795,0.3444210362351292,0.24432275204389145,0.41151707695935585,0.4278309979209529,0.25254104549456874,0.33998736562454707,0.28564483991770345,0.4176359872012046,0.4140475216936986,0.28564483991770345,0.5736566519808707,2.32028012864753,0.0,0.00833998585123023,0.08633021151761781,0.0027129292496608838,0.013171985435853501,0.004478280340349306
"Dropout-normalised conformal, LSTM",test,0.8,0.867355020181107,0.8658502415458937,0.8690095990965556,0.910942656377439,0.9810920802225148,0.8076813685509338,0.8226311771963944,0.8144278185582533,0.847755819060167,0.8811104837191793,0.8794566785871134,0.847755819060167,0.7106255451777584,1.135641739176277,0.13202835811531463,0.7375776397515527,0.9410722128113432,0.29785431959345005,0.43037204341552165,0.3146903820816864
"Dropout-normalised conformal, LSTM",ood_test,0.8,0.5820088873312262,0.570118382367258,0.5918657554339714,0.4396357016297046,0.6215822824518477,0.7449854077290358,0.4817797811051185,0.6220612637404241,0.5213094751325635,0.6787807395003798,0.6732555800022068,0.5213094751325635,1.304637855914969,4.034829994273631,0.0009995002498750624,0.06058334469129072,0.20127274025325,0.0940666030621053,0.11810977628069082,0.0676707100994957
"Dropout-normalised conformal, LSTM",test,0.9,0.9351388209214296,0.934526507309116,0.9361663216011042,0.9603537444841793,0.9889263232741493,0.9037186565447435,0.9134772152163456,0.9092181650877302,0.9216312190225234,0.9438434029738376,0.9427115879289792,0.9216312190225234,1.0483585891292841,1.538499480841977,0.36105150887759585,0.8753842775581906,0.9648189974276931,0.5158102766798419,0.6609197565719305,0.5468159859464207
"Dropout-normalised conformal, LSTM",ood_test,0.9,0.7036466615177259,0.6923623253308411,0.7108235492643289,0.5460529475521979,0.7178937587483315,0.8644477544777395,0.6223128695392562,0.7675259772711046,0.6534927341524043,0.7913757407010781,0.7823010572635759,0.6534927341524043,1.933867138562591,5.687558669091089,0.010351966873706004,0.11382944891190767,0.2584065110301992,0.2643223842624143,0.25921779370055237,0.1871823828345567
"Dropout-normalised conformal, LSTM",test,0.95,0.9669973649538868,0.9666979107848673,0.9675682288725767,0.9796003513394819,0.9927739088608654,0.9515684798293494,0.9559941025158416,0.9550499822238953,0.9578944726770814,0.9728395758830541,0.9723809523809525,0.9578944726770814,1.4330359385283076,2.0007403353909945,0.5643264947612773,0.9349739632348327,0.9767676767676768,0.6853974527887571,0.8101041470606688,0.7169552669552669
"Dropout-normalised conformal, LSTM",ood_test,0.95,0.7921469784588225,0.7822288206546077,0.7973252334871526,0.6333551838799214,0.7870552818828681,0.9290263958929627,0.7453420475909232,0.8659559830474373,0.7619086560615796,0.8625557351194533,0.8508907883720478,0.7625284760217294,2.661302570280084,7.553121749272171,0.03783497861458881,0.1736534330237479,0.31020528696690614,0.46529981762365574,0.43778435457595877,0.35993366952887196
"Dropout-normalised conformal, MLP",test,0.5,0.6266625258799172,0.6229948553861597,0.6327827969132317,0.6428171989041555,0.9295825752347491,0.5232529226007486,0.5197844908714474,0.5178754417884853,0.6030842587364327,0.6405608883869753,0.6343929983060418,0.6030842587364327,0.320379176759094,0.6696470228927472,0.0005772005772005772,0.37145680406549975,0.7557751427316645,0.033891712152581716,0.09024091850178806,0.030572808833678397
"Dropout-normalised conformal, MLP",ood_test,0.5,0.35495111751483566,0.35135003926608127,0.35812755959682496,0.32455493032704424,0.41014600924645905,0.430744151733657,0.24761050210825322,0.3616999941587647,0.28441363733717556,0.4527275323377273,0.4527275323377273,0.28441363733717556,0.591384121766904,2.282591009481223,0.0,0.014658255287940446,0.07218793200802197,0.002261856084944541,0.012445076163217092,0.005471290328861542
"Dropout-normalised conformal, MLP",test,0.8,0.8628488403705795,0.8620186335403727,0.8640499403977665,0.8880978522282871,0.9849819101993015,0.8124285296024426,0.8169109312587572,0.811824978564109,0.845347261434218,0.8734744965179747,0.8698268398268398,0.845347261434218,0.710198053432939,1.1112108752424878,0.10834431269213879,0.7397264571177615,0.9522617479139219,0.27750486228747095,0.42569483656440177,0.30048622874709835
"Dropout-normalised conformal, MLP",ood_test,0.8,0.6155337915457856,0.6100979380439651,0.621462515495499,0.5855589521256688,0.6378544493986772,0.7435813478542114,0.4717988408393206,0.6388753675110497,0.5336377265912499,0.72939698981678,0.72939698981678,0.5336377265912499,1.3047921997573781,3.8553049439587253,0.002317023306528554,0.10786814385015285,0.22064941555196427,0.06948473815040532,0.10644028635033131,0.0874627621254308
"Dropout-normalised conformal, MLP",test,0.9,0.9317146621494449,0.9313886693017128,0.9319568354350963,0.946549867202041,0.9905609929522973,0.9066192985758205,0.9087409289583203,0.9061022230587449,0.9187935253152645,0.9395457682414204,0.9371848924022838,0.9187935253152645,1.0310109650463455,1.4928759201636879,0.30955517912039654,0.8581278624756886,0.9706537423928728,0.4932210301775519,0.6435253152644457,0.52258924650229
"Dropout-normalised conformal, MLP",ood_test,0.9,0.7433765584740097,0.7379559570863918,0.7498715577276297,0.7196320670833415,0.7364009553664727,0.8645557091584077,0.6218890554722639,0.7744050052895631,0.6767194324915464,0.8393491565905359,0.8393491565905359,0.6767194324915464,1.897077697442575,5.3058898035557585,0.02005815274181091,0.22517312772185338,0.2818785412488561,0.21847517799541785,0.2605353167572058,0.21849789391018778
"Dropout-normalised conformal, MLP",test,0.95,0.9659107639542421,0.9656887508626639,0.9660628019323672,0.9743138423573207,0.9932716397933788,0.9533637618420228,0.9549104920844051,0.9536940836940837,0.9573448773448773,0.9710326871196436,0.9698983625070582,0.9573448773448773,1.4079013538815028,1.9393068329694911,0.5165819687558818,0.9275864232385972,0.9789353158918376,0.6713281887194932,0.800103519668737,0.6955172846477194
"Dropout-normalised conformal, MLP",ood_test,0.95,0.8379062633185571,0.8334354251445706,0.8434484705699099,0.8189492915879724,0.8068951455008427,0.9308390177205769,0.7629428792097457,0.8699049825736482,0.800374488080635,0.9052038915607131,0.9052038915607131,0.800374488080635,2.6105274553243087,6.773363181858045,0.07103591061612051,0.3787197310435691,0.334141370873005,0.4290776689577289,0.4852476359222986,0.39933929139326446
"Sigma-normalised conformal, LSTM",test,0.5,0.6247715247715248,0.6108597779032562,0.634354476441433,0.6974105443670661,0.922369868456825,0.5026356735052387,0.5046308844134931,0.49681065311500094,0.5784032875337223,0.6660944852249201,0.6535591944287596,0.5784032875337223,0.32812723297964924,0.6662066630404727,7.842399146746973e-05,0.37072275550536427,0.7705251270468662,0.0055900621118012426,0.040222096743835874,0.005339105339105339
"Sigma-normalised conformal, LSTM",ood_test,0.5,0.22573739104473736,0.21981424871979593,0.2300261557532922,0.1631584640580143,0.290494146865961,0.30907782039716075,0.13222988073063036,0.23372664317192052,0.16462093628510419,0.3215788209791208,0.31826943671021635,0.16462093628510419,0.350838441496565,2.425259872005416,0.0,0.0031932085905099403,0.03957112352914452,9.735392044237622e-05,0.0007171738805921714,9.735392044237622e-05
"Sigma-normalised conformal, LSTM",test,0.8,0.8565077064642281,0.8542727272727273,0.8586956521739131,0.9140144718405588,0.9791859589685675,0.794672292280988,0.801099504360374,0.7935663048706528,0.8295125164690381,0.8767896354852877,0.8714875462701549,0.8295125164690381,0.6723542252431463,1.045711196019634,0.03650479954827781,0.770860781730347,0.9335246878725139,0.13635422548466028,0.3159514398644833,0.15159984942593638
"Sigma-normalised conformal, LSTM",ood_test,0.8,0.4009393787954508,0.3931597188418778,0.4090991517228399,0.29357215331728076,0.45756613035473603,0.5509178311277262,0.27423701569128855,0.4284037634862223,0.3202372839554249,0.5321040778312143,0.5321040778312143,0.3202372839554249,0.7184821765844017,4.74768194865618,9.735392044237622e-06,0.0241697333151606,0.11967392926913167,0.012532694691615229,0.017380919929645567,0.00816474879443395
"Sigma-normalised conformal, LSTM",test,0.9,0.9274437124871907,0.9262854633289416,0.9281763598720121,0.959836041575172,0.9883321831147919,0.893464249116423,0.901166844427714,0.8944192442018529,0.910910973084886,0.9383418031244117,0.9346332894158982,0.910910973084886,0.9314537006781575,1.3517640519930225,0.17504862287470982,0.883295689817429,0.9621306230001881,0.3393312002007654,0.575713658322354,0.3767331702114311
"Sigma-normalised conformal, LSTM",ood_test,0.9,0.4991129543453381,0.4904569143999429,0.512025740376565,0.3688019626550361,0.5356022205347543,0.667311582304086,0.3875656327680315,0.5362833734647827,0.4209090260064772,0.6307313875529768,0.6307313875529768,0.4209090260064772,0.9962960027841303,7.677737538371578,0.0006717420510523958,0.047369172556578854,0.1652258286441195,0.050838217255008866,0.06226432238426242,0.03359034768330121
"Sigma-normalised conformal, LSTM",test,0.95,0.9625451408494886,0.9614739946044294,0.9635680406549971,0.9798354141832403,0.992490432273041,0.9445892674153544,0.9497862684819207,0.9460243218938871,0.952984503419286,0.9687828596524248,0.9662789384528515,0.952984503419286,1.2105551374805563,1.6872185918124691,0.3931175105088149,0.938939080243428,0.9758516845473367,0.5513865361691449,0.7727053140096617,0.5974496517974779
"Sigma-normalised conformal, LSTM",ood_test,0.95,0.5811264713963366,0.572707152917048,0.5969060275057276,0.4340041018451813,0.59525821504832,0.7516539349372934,0.49958494778584733,0.6251311573650403,0.5122672430018756,0.7021586609292756,0.7021586609292756,0.5122672430018756,1.2963029783894087,12.21863089869611,0.004088864658579801,0.07382672300213529,0.2011169739805422,0.11700318671832914,0.14246448204469195,0.07956735917755407
"Sigma-normalised conformal, MLP",test,0.5,0.6267880460923939,0.6245487797226927,0.6287348014304536,0.7254875880962838,0.922200786331221,0.4991698559089863,0.49548685613903004,0.4915951439864483,0.5849463579898363,0.6642367777150385,0.6625641508250203,0.5849463579898363,0.3131109300855871,0.6299541321448833,9.410878976096367e-06,0.2132912980739068,0.7012140033879164,0.0027887571365832237,0.021005081874647096,0.002889139845661585
"Sigma-normalised conformal, MLP",ood_test,0.5,0.21614625587639083,0.19617580819979621,0.23098269047294534,0.1835518387992151,0.27010120480885097,0.2864865186454392,0.11912701657829095,0.22146470055015785,0.1573823477871454,0.339675616737086,0.339675616737086,0.1573823477871454,0.30376484689747923,2.344706564717217,0.0,0.0006068394374241452,0.023027447315303387,7.788313635390098e-05,0.00023040427838029042,5.516722158401319e-05
"Sigma-normalised conformal, MLP",test,0.8,0.8562887675931155,0.8552621243490809,0.8575694836564401,0.9183445218227827,0.9795759876194658,0.7954740991697514,0.7956458999937261,0.7924033293598511,0.8322247317899492,0.8751527699353786,0.8751527699353786,0.8322247317899492,0.6473363160880189,0.9998892501685027,0.026206160988769683,0.7251333207854946,0.9254909341865863,0.12241357676140285,0.27479766610201395,0.1409216387477257
"Sigma-normalised conformal, MLP",ood_test,0.8,0.38660734567781047,0.35589452027233137,0.4081299609935292,0.3383308345827087,0.4261925314399077,0.517575735941553,0.2428471911230532,0.4080904353018296,0.30424527995742384,0.5622344671819933,0.5622344671819933,0.30424527995742384,0.6263067954143925,4.694126377447081,1.62256534070627e-05,0.016741629185407295,0.0896142837672073,0.011568890879235705,0.01031951556689188,0.008372437158044354
"Sigma-normalised conformal, MLP",test,0.9,0.9264009452705105,0.9249617918313571,0.9273345881171968,0.95741075349771,0.9882901478553653,0.8939105339105339,0.8971305184348664,0.895262772654077,0.9105596336031119,0.9386931426061861,0.9386931426061861,0.9105596336031119,0.8974165955674751,1.3029695858842218,0.15987201204592508,0.8598500533283141,0.9585419411506368,0.3321318777840517,0.5467438358742706,0.3775864232385972
"Sigma-normalised conformal, MLP",ood_test,0.9,0.481943790009757,0.4462102714876328,0.5072447542462535,0.4288012919946953,0.5014228816327767,0.6315319612920812,0.3346403638007836,0.5133224513284483,0.3992023468785088,0.6622480967308554,0.6622480967308554,0.3992023468785088,0.8673643904611815,7.779876236639151,0.0006912128351408711,0.04204066797769945,0.13017517215418264,0.04461081147737819,0.04022014966542703,0.032782310143629485
"Sigma-normalised conformal, MLP",test,0.95,0.9619526737352825,0.9609009975531715,0.9624822761779284,0.9768751699186482,0.9925200242591546,0.9452924692055126,0.9480970157057113,0.9469786895873852,0.9525472112428633,0.9696555618294749,0.9696555618294749,0.9525472112428633,1.1739025879298637,1.6396122324025981,0.3871259175607002,0.9236777715038585,0.9736181692703432,0.5536984754376059,0.7586454608193739,0.6076824142041534
"Sigma-normalised conformal, MLP",ood_test,0.95,0.563875616304402,0.5247181604003193,0.5914481720178871,0.5096405260573177,0.5602595888203085,0.7167773256229029,0.4323791567419753,0.6003214842795054,0.49188717329646864,0.7321404232948461,0.7321404232948461,0.49188717329646864,1.1334234942617567,12.71678768601739,0.00440688746535823,0.07727305178579541,0.16506357211004888,0.10016420361247946,0.09804188814683568,0.0769615192403798
"Gaussian raw (no calibration), LSTM",test,0.5,0.6977429575255663,0.6913340234644583,0.7093207227555054,0.7066975134366439,0.92796013969927,0.5726578413534935,0.7304888428801473,0.5509104502582763,0.6700112930547713,0.7259188154840328,0.6983411757324801,0.6700112930547713,0.4095114986340347,0.6837867533057538,0.0005175983436853001,0.3856389986824769,0.7871227806010416,0.013313256791517661,0.14496517974778844,0.01163498337411381
"Gaussian raw (no calibration), LSTM",ood_test,0.5,0.26162219755922905,0.2594790916230197,0.2636455149048852,0.16548846788726848,0.2968478963981213,0.35938632415394034,0.22311571486983783,0.26327258448697727,0.20518312272435213,0.35014116318464145,0.35014116318464145,0.20518312272435213,0.4370190811349886,2.379362282044929,0.0,0.003452819045022943,0.04336143616503437,0.00035696437495537944,0.0062955535219403275,0.00029206176132712865
"Gaussian raw (no calibration), LSTM",test,0.8,0.8889734613212874,0.8781169458560762,0.8961752305665349,0.9142017483321832,0.9803757032017901,0.8282257356170399,0.8966507727377294,0.8254133467176946,0.8626017943409248,0.9122404165882427,0.8978838070142418,0.8626017943409248,0.7780846217906134,1.069219049271565,0.0707133446263881,0.7695903130685741,0.9381203337725076,0.18849676893155154,0.5268806073153899,0.20509442248572682
"Gaussian raw (no calibration), LSTM",ood_test,0.8,0.43635586968420553,0.43503871440902925,0.43859803864301616,0.29218713154245385,0.4633610683835571,0.5878397381395882,0.38032693609905005,0.45806447425637836,0.35787820375526525,0.564882493818026,0.564882493818026,0.35787820375526525,0.8303498866196021,4.525824185780523,9.410878976096367e-05,0.024172978445842014,0.12533992743887798,0.019347469122581566,0.05286642393089169,0.013366693276738255
"Gaussian raw (no calibration), LSTM",test,0.9,0.9365624150406759,0.9297871886567539,0.9417957839262187,0.9554534998013259,0.9887358052575443,0.9019124997385867,0.9332259447476838,0.9034843256582388,0.9162500784239915,0.9524085576259488,0.9472934312064746,0.9162500784239915,0.9986608004208956,1.364105287836752,0.21545266327875023,0.8674728652989522,0.9635861722818245,0.3732699667482276,0.694980864546082,0.4151766108287847
"Gaussian raw (no calibration), LSTM",ood_test,0.9,0.5165166550923672,0.513290108192657,0.5205770491377688,0.36019511889077105,0.5392223801519154,0.6814310377278893,0.45173030367932915,0.5500044350119313,0.43384152079804256,0.6554936817305632,0.6554936817305632,0.43384152079804256,1.0657425415922097,7.391360248417292,0.001087118778273201,0.043212160153689394,0.16826651609260304,0.05767895273142649,0.09970664018640031,0.04014226652907312
"Gaussian raw (no calibration), LSTM",test,0.95,0.9595610766045549,0.9551523307610265,0.9631209611644395,0.9735086893782546,0.9924392998306043,0.9393131104000668,0.9512870945479642,0.9412571888658845,0.9441351402220968,0.9706782106782107,0.9704115691072213,0.9441351402220968,1.189977739979584,1.6964783432476047,0.3745592571679528,0.9162525879917185,0.9750956772695902,0.5305947675512893,0.7896668548842461,0.581024531024531
"Gaussian raw (no calibration), LSTM",ood_test,0.95,0.5747784765625845,0.5694646183401806,0.5803794206792707,0.41520776408332627,0.5962289418061532,0.7434164952155956,0.5032717407530001,0.6157674409548473,0.4916139332930937,0.7171063818739981,0.7171063818739981,0.4916139332930937,1.2699105647377984,12.368606235454367,0.003540437573421082,0.06198524114566093,0.19976699961707456,0.10826404979328517,0.144187646436522,0.07568293775190327
"Gaussian raw (no calibration), MLP",test,0.5,0.695113829809482,0.6843269339356296,0.7081208356860531,0.7569139636530942,0.9287717757282975,0.5800688039818475,0.6646501244327331,0.5451644812514378,0.671104209799862,0.7273172720998807,0.6948535039839387,0.673859715164063,0.384383809913814,0.6433597122172879,8.15609511261685e-05,0.2642982621243491,0.7258548215069954,0.009307359307359308,0.06894723633854068,0.006640943597465337
"Gaussian raw (no calibration), MLP",ood_test,0.5,0.24728332803295325,0.2246615653212355,0.27236252003868194,0.19790613351332995,0.277046108980142,0.34143090792266206,0.17139579560868914,0.248637694139943,0.19291328361793128,0.36599622266788684,0.36599622266788684,0.19386865009053914,0.3715887075382865,2.3097138106912216,0.0,0.0011325506078129768,0.026295293911485818,0.0003666997669996171,0.0016842228236531086,0.00016550166475203955
"Gaussian raw (no calibration), MLP",test,0.8,0.8840089926176883,0.8771029550159984,0.8944642072902943,0.9254382332643202,0.980906581341364,0.8327392977392977,0.8651391764435243,0.8158216742999351,0.8645234958278437,0.9065763222284962,0.8890739695087521,0.86623878536922,0.7303412293839227,1.016573126356792,0.05090344438170525,0.7470387100821885,0.9314009661835749,0.18157036200514462,0.40733107472237906,0.1756728778467909
"Gaussian raw (no calibration), MLP",ood_test,0.8,0.41429746165878095,0.37865800865800864,0.4507650720094498,0.3523865772741335,0.4327539693356785,0.5571356096843353,0.30030352788973474,0.4289076241100229,0.33829968132816707,0.5836004075884135,0.5836004075884135,0.33829968132816707,0.706030135737362,4.54197632253554,0.00011033444316802638,0.0198991413384217,0.09470264867566218,0.01918845771919235,0.02399774138904574,0.01191611986214685
"Gaussian raw (no calibration), MLP",test,0.9,0.9317033272685448,0.9273264947612774,0.9391528326745718,0.956812848986762,0.9887201204592508,0.9038667210406341,0.9140520107911412,0.895064935064935,0.9158636049940397,0.9479352531526445,0.9421444256226866,0.9169370725892465,0.9373828196712584,1.308809720610388,0.181805633979547,0.8566723131940522,0.9600665035447644,0.3695244369157413,0.6046866177300959,0.3747882552230379
"Gaussian raw (no calibration), MLP",ood_test,0.9,0.4925049163729824,0.4522771731017608,0.5317532143019399,0.43304473304473307,0.5056234869578198,0.6465469646129316,0.363092804247227,0.5142165930022001,0.41130149211108735,0.6732367582442546,0.6732367582442546,0.4113099294508589,0.9061798687835921,7.6338555271662285,0.0009475781589724617,0.04263777202307937,0.13331645865379,0.05232773223777722,0.05204865099917574,0.03409334293892015
"Gaussian raw (no calibration), MLP",test,0.95,0.9553600184034966,0.9525126419474246,0.9607680532028358,0.9717228182445573,0.9924281113411548,0.9398441976702846,0.9382070184244098,0.9345979463370767,0.9426438296003513,0.9675726206160989,0.9675726206160989,0.9430058347449651,1.1169605223094061,1.6469708484421355,0.3391523935002196,0.9060104147060669,0.9728088336783989,0.5272978229499968,0.7273542882238534,0.5425308990526382
"Gaussian raw (no calibration), MLP",ood_test,0.95,0.5499748177859122,0.5070161672410548,0.590331198037345,0.4960062176703856,0.5609130499685223,0.7067324562826812,0.4100894358015797,0.5761329292063925,0.46737864833816856,0.7334735229787704,0.7334735229787704,0.46737864833816856,1.0797799130751817,13.141204799617293,0.0032808271189080783,0.06664200367348792,0.16390830558746602,0.0926906676531864,0.08118343425689752,0.06345528534434082
